SALE TYPE,SOLD DATE,PROPERTY TYPE,ADDRESS,CITY,STATE OR PROVINCE,ZIP OR POSTAL CODE,PRICE,BEDS,BATHS,LOCATION,SQUARE FEET,LOT SIZE,YEAR BUILT,DAYS ON MARKET,$/SQUARE FEET,HOA/MONTH,STATUS,NEXT OPEN HOUSE START TIME,NEXT OPEN HOUSE END TIME,URL (SEE https://www.redfin.com/buy-a-home/comparative-market-analysis FOR INFO ON PRICING),SOURCE,MLS#,FAVORITE,INTERESTED,LATITUDE,LONGITUDE
"In accordance with local MLS rules, some MLS listings are not included in the download"
MLS Listing,,Single Family Residential,1114 2nd Ave N,Seattle,WA,98109,2195000,3,2.0,Queen Anne,2740,5220,1938,3,801,,Active,,,https://www.redfin.com/WA/Seattle/1114-2nd-Ave-N-98109/home/132776,NWMLS as Distributed by MLS Grid,2490424,N,Y,47.629461,-122.3525248
MLS Listing,,Condo/Co-op,1920 4th Ave #2605,Seattle,WA,98101,1400000,2,2.5,Belltown,1883,,2010,4,743,1964,Active,,,https://www.redfin.com/WA/Seattle/1920-4th-Ave-98101/unit-2605/home/28624469,NWMLS as Distributed by MLS Grid,2496120,N,Y,47.612987,-122.339306
MLS Listing,,Single Family Residential,8053 Brooklyn Ave NE,Seattle,WA,98115,975000,3,1.0,Northgate,2030,3760,1925,4,480,,Active,,,https://www.redfin.com/WA/Seattle/8053-Brooklyn-Ave-NE-98115/home/108964,NWMLS as Distributed by MLS Grid,2501965,N,Y,47.6882152,-122.3145911
MLS Listing,,Condo/Co-op,4226 Dayton Ave N #202,Seattle,WA,98103,500000,2,2.0,Fremont,822,,1979,4,608,448,Active,,,https://www.redfin.com/WA/Seattle/4226-Dayton-Ave-N-98103/unit-202/home/51660,NWMLS as Distributed by MLS Grid,2501262,N,Y,47.6585377,-122.3517893
MLS Listing,,Single Family Residential,4146 SW Arroyo Dr,Seattle,WA,98146,1695000,3,3.0,Arroyo,2450,13250,1953,4,692,,Active,,,https://www.redfin.com/WA/Seattle/4146-SW-Arroyo-Dr-98146/home/156901,NWMLS as Distributed by MLS Grid,2498981,N,Y,47.5034561,-122.3853682
MLS Listing,,Condo/Co-op,820 Blanchard St #1507,Seattle,WA,98121,999000,2,2.0,Belltown,1279,,2009,4,781,1652,Active,,,https://www.redfin.com/WA/Seattle/820-Blanchard-St-98121/unit-1507/home/28624007,NWMLS as Distributed by MLS Grid,2498169,N,Y,47.618062,-122.339141
MLS Listing,,Single Family Residential,9009 30th Ave NW,Seattle,WA,98117,1299000,4,3.0,North Beach,2260,6680,1963,4,575,,Active,,,https://www.redfin.com/WA/Seattle/9009-30th-Ave-NW-98117/home/164568,NWMLS as Distributed by MLS Grid,2499924,N,Y,47.6949885,-122.3959944
MLS Listing,,Single Family Residential,851 NW 56th St,Seattle,WA,98107,1199000,4,3.0,Ballard,2100,4000,1926,4,571,,Active,,,https://www.redfin.com/WA/Seattle/851-NW-56th-St-98107/home/494233,NWMLS as Distributed by MLS Grid,2500130,N,Y,47.6692141,-122.3684058
MLS Listing,,Single Family Residential,7758 Highland Park Way SW,Seattle,WA,98106,599000,2,2.0,Highland Park,1480,4160,1948,4,405,,Active,,,https://www.redfin.com/WA/Seattle/7758-Highland-Park-Way-SW-98106/home/474673,NWMLS as Distributed by MLS Grid,2498954,N,Y,47.5329613,-122.3465563
MLS Listing,,Single Family Residential,2333 Federal Ave E,Seattle,WA,98102,2250000,4,3.5,Broadway,3190,5000,1912,5,705,,Active,,,https://www.redfin.com/WA/Seattle/2333-Federal-Ave-E-98102/home/135323,NWMLS as Distributed by MLS Grid,2484794,N,Y,47.6405632,-122.319358
MLS Listing,,Townhouse,2441 NW 61st St Unit C,Seattle,WA,98107,689000,2,2.0,Ballard,1080,955,2021,5,638,,Active,April-11-2026 11:00 AM,April-11-2026 01:00 PM,https://www.redfin.com/WA/Seattle/2441-NW-61st-St-98107/unit-C/home/201088524,NWMLS as Distributed by MLS Grid,2498722,N,Y,47.6728232,-122.3892776
MLS Listing,,Condo/Co-op,1408 12th Ave #201,Seattle,WA,98122,620000,1,1.0,Capitol Hill,879,,2007,10,705,845,Active,,,https://www.redfin.com/WA/Seattle/1408-12th-Ave-98122/unit-201/home/12536641,NWMLS as Distributed by MLS Grid,2496803,N,Y,47.6130989,-122.3165619
MLS Listing,,Single Family Residential,1601 E Jefferson St,Seattle,WA,98122,1450000,4,2.5,Central Area,2293,1917,2022,10,632,117,Active,,,https://www.redfin.com/WA/Seattle/1601-E-Jefferson-St-98122/home/22594317,NWMLS as Distributed by MLS Grid,2498706,N,Y,47.6059112,-122.3113844
MLS Listing,,Townhouse,1939 10th Ave W Unit B,Seattle,WA,98119,780000,2,2.5,Queen Anne,1310,1800,2006,11,595,,Active,,,https://www.redfin.com/WA/Seattle/1939-10th-Ave-W-98119/unit-B/home/8189671,NWMLS as Distributed by MLS Grid,2495659,N,Y,47.6371761,-122.3708611
MLS Listing,,Condo/Co-op,9242 Woodlawn Ave N Unit B,Seattle,WA,98103,465000,2,1.5,Licton Springs,934,,1995,11,498,476,Active,,,https://www.redfin.com/WA/Seattle/9242-Woodlawn-Ave-N-98103/unit-B/home/69867,NWMLS as Distributed by MLS Grid,2495339,N,Y,47.6972919,-122.3383841
MLS Listing,,Single Family Residential,3141 Broadway E,Seattle,WA,98102,1350000,3,2.0,Portage Bay,2060,3300,1918,11,655,,Active,,,https://www.redfin.com/WA/Seattle/3141-Broadway-E-98102/home/136889,NWMLS as Distributed by MLS Grid,2487773,N,Y,47.6498487,-122.3202602
MLS Listing,,Condo/Co-op,2331 42nd Ave SW #414,Seattle,WA,98116,325000,1,1.0,North Admiral,650,,2002,11,500,612,Active,,,https://www.redfin.com/WA/Seattle/2331-42nd-Ave-SW-98116/unit-414/home/72475,NWMLS as Distributed by MLS Grid,2495583,N,Y,47.5823835,-122.3853712
MLS Listing,,Single Family Residential,5217 23rd Ave SW,Seattle,WA,98106,950000,3,2.5,Delridge,2140,5500,2004,11,444,,Active,,,https://www.redfin.com/WA/Seattle/5217-23rd-Ave-SW-98106/home/2096956,NWMLS as Distributed by MLS Grid,2496476,N,Y,47.5551255,-122.3620075
MLS Listing,,Condo/Co-op,827 Hiawatha Pl S #402,Seattle,WA,98144,339000,1,1.0,Central Area,598,,2009,11,567,452,Active,April-11-2026 11:00 AM,April-11-2026 01:00 PM,https://www.redfin.com/WA/Seattle/827-Hiawatha-Pl-S-98144/unit-402/home/28624793,NWMLS as Distributed by MLS Grid,2496221,N,Y,47.595258,-122.310113
MLS Listing,,Condo/Co-op,910 Lenora St #903,Seattle,WA,98121,540000,1,1.0,Belltown,858,,2006,11,629,1166,Active,,,https://www.redfin.com/WA/Seattle/910-Lenora-St-98121/unit-903/home/103957225,NWMLS as Distributed by MLS Grid,2497347,N,Y,47.6177748,-122.3367197
MLS Listing,,Single Family Residential,1843 41st Ave E,Seattle,WA,98112,2295000,4,2.5,Madison Park,2940,4000,1924,11,781,,Active,,,https://www.redfin.com/WA/Seattle/1843-41st-Ave-E-98112/home/139075,NWMLS as Distributed by MLS Grid,2491304,N,Y,47.6359566,-122.2799825
MLS Listing,,Single Family Residential,1911 12th Ave S,Seattle,WA,98144,975000,3,2.0,N Beacon Hill,1660,6000,1929,12,587,,Active,,,https://www.redfin.com/WA/Seattle/1911-12th-Ave-S-98144/home/169465,NWMLS as Distributed by MLS Grid,2496354,N,Y,47.5859797,-122.317515
MLS Listing,,Single Family Residential,1815 29th Ave S,Seattle,WA,98144,943000,3,2.0,Mt Baker,1660,3960,1928,12,568,,Active,,,https://www.redfin.com/WA/Seattle/1815-29th-Ave-S-98144/home/170556,NWMLS as Distributed by MLS Grid,2497318,N,Y,47.5864632,-122.2958321
MLS Listing,,Townhouse,341 NW 90th St Unit B,Seattle,WA,98117,600000,2,2.5,Greenwood,1104,4778,2023,13,543,70,Active,,,https://www.redfin.com/WA/Seattle/341-NW-90th-St-98117/unit-B/home/185870095,NWMLS as Distributed by MLS Grid,2497183,N,Y,47.6940926,-122.3627324
MLS Listing,,Condo/Co-op,505 E Denny Way #301,Seattle,WA,98122,300000,1,1.0,Broadway,527,,1923,13,569,556,Active,,,https://www.redfin.com/WA/Seattle/505-E-Denny-Way-98122/unit-301/home/17068017,NWMLS as Distributed by MLS Grid,2496327,N,Y,47.6183468,-122.3248349
MLS Listing,,Vacant Land,333 17th Ave,Seattle,WA,98122,995000,,,Seattle,,5120,,17,,,Active,,,https://www.redfin.com/WA/Seattle/333-17th-Ave-98122/home/188747293,NWMLS as Distributed by MLS Grid,2495506,N,Y,47.605301,-122.310649
MLS Listing,,Condo/Co-op,701 1st Ave N #204,Seattle,WA,98109,575000,1,1.0,Queen Anne,1054,,2000,17,546,905,Active,,,https://www.redfin.com/WA/Seattle/701-1st-Ave-N-98109/unit-204/home/34593,NWMLS as Distributed by MLS Grid,2495341,N,Y,47.6256356,-122.3555522
MLS Listing,,Condo/Co-op,506 E Howell St Unit E109,Seattle,WA,98122,300000,1,1.0,Broadway,521,,1992,17,576,494,Active,,,https://www.redfin.com/WA/Seattle/506-E-Howell-St-98122/unit-E109/home/60900,NWMLS as Distributed by MLS Grid,2493756,N,Y,47.6179491,-122.3248639
MLS Listing,,Single Family Residential,3216 24th Ave W,Seattle,WA,98199,1290000,4,2.0,Magnolia,1992,7000,1942,18,648,,Active,,,https://www.redfin.com/WA/Seattle/3216-24th-Ave-W-98199/home/123390,NWMLS as Distributed by MLS Grid,2489995,N,Y,47.649049647,-122.3871457
MLS Listing,,Condo/Co-op,450 S Main St #1012,Seattle,WA,98104,939000,2,2.0,Downtown,1115,,2021,18,842,1181,Active,,,https://www.redfin.com/WA/Seattle/450-S-Main-St-98104/unit-1012/home/176358976,NWMLS as Distributed by MLS Grid,2490737,N,Y,47.6002447,-122.3280012
MLS Listing,,Townhouse,926 N 96th St,Seattle,WA,98103,675000,3,2.5,Greenwood,1660,1441,2011,18,407,,Active,,,https://www.redfin.com/WA/Seattle/926-N-96th-St-98103/home/40080074,NWMLS as Distributed by MLS Grid,2493895,N,Y,47.6988999,-122.3460191
MLS Listing,,Townhouse,2814 E Spring St,Seattle,WA,98122,739000,2,2.5,Madrona,1425,965,2007,19,519,,Active,,,https://www.redfin.com/WA/Seattle/2814-E-Spring-St-98122/home/12319134,NWMLS as Distributed by MLS Grid,2491514,N,Y,47.6120085,-122.2955478
MLS Listing,,Condo/Co-op,2801 NE 130th St Unit C102,Seattle,WA,98125,439000,2,2.0,Lake City,1321,,1995,19,332,633,Active,,,https://www.redfin.com/WA/Seattle/2801-NE-130th-St-98125/unit-C102/home/19647,NWMLS as Distributed by MLS Grid,2483031,N,Y,47.722657,-122.297048
MLS Listing,,Condo/Co-op,4222 Beach Dr SW #202,Seattle,WA,98116,334500,2,2.0,Alki,970,,1985,19,345,845,Active,,,https://www.redfin.com/WA/Seattle/4222-Beach-Dr-SW-98116/unit-202/home/23708,NWMLS as Distributed by MLS Grid,2493057,N,Y,47.5655968,-122.4073984
MLS Listing,,Condo/Co-op,3120 SW Avalon Way #402,Seattle,WA,98126,450000,2,2.0,Fairmount,1109,,2002,25,406,709,Active,,,https://www.redfin.com/WA/Seattle/3120-SW-Avalon-Way-98126/unit-402/home/39477,NWMLS as Distributed by MLS Grid,2487348,N,Y,47.5649015,-122.3727191
MLS Listing,,Condo/Co-op,12300 33rd Ave NE #202,Seattle,WA,98125,369950,2,2.0,Lake City,999,,1983,25,370,912,Active,,,https://www.redfin.com/WA/Seattle/12300-33rd-Ave-NE-98125/unit-202/home/36033,NWMLS as Distributed by MLS Grid,2491448,N,Y,47.71756,-122.2924418
MLS Listing,,Single Family Residential,6325 42nd Ave SW,Seattle,WA,98136,775000,2,2.0,Gatewood,1390,2509,1950,25,558,,Active,,,https://www.redfin.com/WA/Seattle/6325-42nd-Ave-SW-98136/home/471434,NWMLS as Distributed by MLS Grid,2486504,N,Y,47.5458763,-122.3860657
MLS Listing,,Townhouse,917 NW 52nd St Unit C,Seattle,WA,98107,830000,3,2.5,Seattle,1490,1154,2020,26,557,,Active,,,https://www.redfin.com/WA/Seattle/917-NW-52nd-St-98107/unit-C/home/173655994,NWMLS as Distributed by MLS Grid,2472224,N,Y,47.6662396,-122.3693384
MLS Listing,,Townhouse,408 Aloha St,Seattle,WA,98109,1800000,3,3.0,Seattle,2445,1364,2024,26,736,,Active,,,https://www.redfin.com/WA/Seattle/408-Aloha-St-98109/home/132214,NWMLS as Distributed by MLS Grid,2480848,N,Y,47.6273277,-122.3483073
MLS Listing,,Single Family Residential,9444 26th Ave SW,Seattle,WA,98106,725000,3,1.0,Westwood,1470,7296,1956,26,493,,Active,,,https://www.redfin.com/WA/Seattle/9444-26th-Ave-SW-98106/home/473383,NWMLS as Distributed by MLS Grid,2489348,N,Y,47.517865,-122.36564
MLS Listing,,Condo/Co-op,1400 2nd Ave N #284,Seattle,WA,98109,339000,0,1.0,Queen Anne,526,,1908,26,644,639,Active,,,https://www.redfin.com/WA/Seattle/1400-2nd-Ave-N-98109/unit-284/home/8190214,NWMLS as Distributed by MLS Grid,2489304,N,Y,47.6311352,-122.3523259
MLS Listing,,Condo/Co-op,12567 35th Ave NE #204,Seattle,WA,98125,275000,1,1.0,Seattle,658,,1980,27,418,406,Active,,,https://www.redfin.com/WA/Seattle/12567-35th-Ave-NE-98125/unit-204/home/46295,NWMLS as Distributed by MLS Grid,2489168,N,Y,47.7211517,-122.2911406
MLS Listing,,Townhouse,932 N 96th St,Seattle,WA,98103,659000,3,2.5,Greenwood,1650,1533,2010,28,399,,Active,,,https://www.redfin.com/WA/Seattle/932-N-96th-St-98103/home/40080063,NWMLS as Distributed by MLS Grid,2489816,N,Y,47.6990682,-122.3461104
MLS Listing,,Single Family Residential,1321 S State St Unit C,Seattle,WA,98144,845000,3,3.5,Beacon Hill,1590,1138,2009,28,531,,Active,April-11-2026 11:00 AM,April-11-2026 01:00 PM,https://www.redfin.com/WA/Seattle/1321-S-State-St-98144/unit-C/home/28582061,NWMLS as Distributed by MLS Grid,2483717,N,Y,47.5876506,-122.3151462
MLS Listing,,Condo/Co-op,12034 15th Ave NE #204,Seattle,WA,98125,419950,2,2.0,Northgate,1018,,2000,31,413,519,Active,,,https://www.redfin.com/WA/Seattle/12034-15th-Ave-NE-98125/unit-204/home/14476,NWMLS as Distributed by MLS Grid,2487709,N,Y,47.7169934,-122.3121622
MLS Listing,,Condo/Co-op,655 Crockett St Unit B304,Seattle,WA,98109,359000,1,1.0,Queen Anne,524,,2004,32,685,536,Active,,,https://www.redfin.com/WA/Seattle/655-Crockett-St-98109/unit-B304/home/2092501,NWMLS as Distributed by MLS Grid,2484710,N,Y,47.636816,-122.343614
MLS Listing,,Condo/Co-op,3228 21st Ave W #300,Seattle,WA,98199,575000,2,2.0,Seattle,1113,,1990,32,517,633,Active,,,https://www.redfin.com/WA/Seattle/3228-21st-Ave-W-98199/unit-300/home/72810,NWMLS as Distributed by MLS Grid,2471267,N,Y,47.6493508,-122.3830053
MLS Listing,,Townhouse,3070 SW Avalon Way Unit E,Seattle,WA,98126,749950,4,2.0,West Seattle,1700,1160,2019,32,441,33,Active,April-12-2026 01:00 PM,April-12-2026 03:00 PM,https://www.redfin.com/WA/Seattle/3070-SW-Avalon-Way-98126/unit-E/home/179934346,NWMLS as Distributed by MLS Grid,2485688,N,Y,47.5657879,-122.3722655
MLS Listing,,Condo/Co-op,2201 3rd Ave #1001,Seattle,WA,98121,288000,1,1.0,Seattle,502,,1979,32,574,538,Active,,,https://www.redfin.com/WA/Seattle/2201-3rd-Ave-98121/unit-1001/home/21595,NWMLS as Distributed by MLS Grid,2484940,N,Y,47.613898,-122.344043
MLS Listing,,Single Family Residential,6222 37th Ave NE,Seattle,WA,98115,1900000,5,3.0,Bryant,4170,4300,1999,33,456,,Active,,,https://www.redfin.com/WA/Seattle/6222-37th-Ave-NE-98115/home/313373,NWMLS as Distributed by MLS Grid,2482202,N,Y,47.6746964,-122.2877298
MLS Listing,,Condo/Co-op,717 E Denny Way Unit 4B,Seattle,WA,98122,575000,2,2.0,Broadway,1107,,2002,33,519,1004,Active,,,https://www.redfin.com/WA/Seattle/717-E-Denny-Way-98122/unit-4B/home/26451,NWMLS as Distributed by MLS Grid,2485849,N,Y,47.6185137,-122.3226743
MLS Listing,,Vacant Land,9806 30th Ave SW,Seattle,WA,98126,700000,,,Arbor Heights,,27050,,35,,,Active,,,https://www.redfin.com/WA/Seattle/9806-30th-Ave-SW-98126/home/194693116,NWMLS as Distributed by MLS Grid,2484498,N,Y,47.515296,-122.3709054
MLS Listing,,Condo/Co-op,3150 W Government Way #407,Seattle,WA,98199,499000,2,2.0,Magnolia,904,,2007,38,552,697,Active,,,https://www.redfin.com/WA/Seattle/3150-W-Government-Way-98199/unit-407/home/12538054,NWMLS as Distributed by MLS Grid,2485473,N,Y,47.6604493,-122.3986153
MLS Listing,,Single Family Residential,820 B S Rose St,Seattle,WA,98108,499950,2,1.5,South Park,830,1266,2022,39,602,26,Active,,,https://www.redfin.com/WA/Seattle/820-B-S-Rose-98108/home/182630821,NWMLS as Distributed by MLS Grid,2483042,N,Y,47.529266,-122.321887
MLS Listing,,Condo/Co-op,1707 NW 59th St #302,Seattle,WA,98107,549000,2,2.0,Ballard,939,,1996,39,585,1035,Active,,,https://www.redfin.com/WA/Seattle/1707-NW-59th-St-98107/unit-302/home/50404,NWMLS as Distributed by MLS Grid,2484749,N,Y,47.6713964,-122.3793376
MLS Listing,,Townhouse,13435 Greenwood Ave N Unit E,Seattle,WA,98133,575000,3,2.5,Bitter Lake,1470,1171,2005,39,391,,Active,,,https://www.redfin.com/WA/Seattle/13435-Greenwood-Ave-N-98133/unit-E/home/191510312,NWMLS as Distributed by MLS Grid,2478857,N,Y,47.7274582,-122.3569893
MLS Listing,,Single Family Residential,1420 N 50th St,Seattle,WA,98103,879000,2,1.5,Wallingford,1890,3210,1906,41,465,,Active,,,https://www.redfin.com/WA/Seattle/1420-N-50th-St-98103/home/304116,NWMLS as Distributed by MLS Grid,2483971,N,Y,47.6652392,-122.3390868
MLS Listing,,Townhouse,2661 NW 64th St,Seattle,WA,98107,825000,3,2.0,Ballard,1402,1200,2015,46,588,,Active,,,https://www.redfin.com/WA/Seattle/2661-NW-64th-St-98107/home/101611150,NWMLS as Distributed by MLS Grid,2479833,N,Y,47.6749345,-122.3926428
MLS Listing,,Condo/Co-op,2015 Terry Ave #417,Seattle,WA,98121,549000,1,2.0,Denny Triangle,1142,,2004,46,481,1163,Active,,,https://www.redfin.com/WA/Seattle/2015-Terry-Ave-98121/unit-417/home/12091357,NWMLS as Distributed by MLS Grid,2463631,N,Y,47.6172912,-122.3358101
MLS Listing,,Condo/Co-op,2201 3rd Ave #1404,Seattle,WA,98121,639000,2,2.0,Belltown,988,,1979,46,647,1151,Active,,,https://www.redfin.com/WA/Seattle/2201-3rd-Ave-98121/unit-1404/home/18971,NWMLS as Distributed by MLS Grid,2480855,N,Y,47.613898,-122.344043
MLS Listing,,Condo/Co-op,4547 8th Ave NE #508,Seattle,WA,98105,299000,0,1.0,University District,470,,2008,47,636,612,Active,,,https://www.redfin.com/WA/Seattle/4547-8th-Ave-NE-98105/unit-508/home/21883517,NWMLS as Distributed by MLS Grid,2480992,N,Y,47.6628143,-122.3199182
MLS Listing,,Single Family Residential,11839 79th Ave S,Seattle,WA,98178,850000,3,2.5,Seattle,1930,10968,2016,52,440,,Active,,,https://www.redfin.com/WA/Seattle/11839-79th-Ave-S-98178/home/22717148,NWMLS as Distributed by MLS Grid,2479843,N,Y,47.4961694,-122.2344263
MLS Listing,,Condo/Co-op,3015 SW Avalon Way #106,Seattle,WA,98126,325000,1,1.0,West Seattle,555,,2002,52,586,462,Active,,,https://www.redfin.com/WA/Seattle/3015-SW-Avalon-Way-98126/unit-106/home/17993,NWMLS as Distributed by MLS Grid,2478288,N,Y,47.5664119,-122.3711697
MLS Listing,,Condo/Co-op,4831 Fauntleroy Way SW #206,Seattle,WA,98116,350000,2,1.0,Fairmount,750,,1984,52,467,816,Active,,,https://www.redfin.com/WA/Seattle/4831-Fauntleroy-Way-SW-98116/unit-206/home/2084728,NWMLS as Distributed by MLS Grid,2474680,N,Y,47.5583476,-122.3818049
MLS Listing,,Townhouse,901 28th Ave S Unit H,Seattle,WA,98144,739000,3,2.0,Leschi,1350,2294,2022,53,547,,Active,,,https://www.redfin.com/WA/Seattle/901-28th-Ave-S-98144/unit-H/home/183989286,NWMLS as Distributed by MLS Grid,2472929,N,Y,47.594501,-122.296857
MLS Listing,,Condo/Co-op,590 1st Ave S #1005,Seattle,WA,98104,565000,1,1.0,Pioneer Square,793,,2018,53,712,1205,Active,,,https://www.redfin.com/WA/Seattle/590-1st-Ave-S-98104/unit-1005/home/114012581,NWMLS as Distributed by MLS Grid,2477499,N,Y,47.5959742,-122.3336151
MLS Listing,,Condo/Co-op,1508 10th Ave E #101,Seattle,WA,98102,449950,2,1.0,Broadway,845,,1923,54,532,501,Active,,,https://www.redfin.com/WA/Seattle/1508-10th-Ave-E-98102/unit-101/home/22214,NWMLS as Distributed by MLS Grid,2477557,N,Y,47.6325964,-122.3197679
MLS Listing,,Condo/Co-op,1600 43rd Ave E #209,Seattle,WA,98112,650000,2,2.0,Seattle,952,,1959,60,683,1245,Active,,,https://www.redfin.com/WA/Seattle/1600-43rd-Ave-E-98112/unit-209/home/51136,NWMLS as Distributed by MLS Grid,2475205,N,Y,47.6334617,-122.2762716
MLS Listing,,Condo/Co-op,11532 15th Ave NE #202,Seattle,WA,98125,268000,1,1.0,Northgate,665,,1997,60,403,420,Active,,,https://www.redfin.com/WA/Seattle/11532-15th-Ave-NE-98125/unit-202/home/66624,NWMLS as Distributed by MLS Grid,2468397,N,Y,47.7131801,-122.3121807
MLS Listing,,Condo/Co-op,615 Boren Ave #27,Seattle,WA,98104,575000,2,1.0,First Hill,1112,,1909,60,517,1174,Active,,,https://www.redfin.com/WA/Seattle/615-Boren-Ave-98104/unit-27/home/17844,NWMLS as Distributed by MLS Grid,2476625,N,Y,47.60671,-122.323288
MLS Listing,,Single Family Residential,1906 E Union St,Seattle,WA,98122,1100000,4,2.0,Capitol Hill,2220,2625,1902,60,495,,Active,,,https://www.redfin.com/WA/Seattle/1906-E-Union-St-98122/home/143361,NWMLS as Distributed by MLS Grid,2475310,N,Y,47.6131029,-122.3071641
MLS Listing,,Condo/Co-op,120 NW 39th St #206,Seattle,WA,98107,355000,1,1.0,Seattle,598,,1988,61,594,612,Active,,,https://www.redfin.com/WA/Seattle/120-NW-39th-St-98107/unit-206/home/12305382,NWMLS as Distributed by MLS Grid,2475301,N,Y,47.6543608,-122.3583849
MLS Listing,,Condo/Co-op,2801 1st Ave #615,Seattle,WA,98121,265000,0,1.0,Belltown,447,,2001,66,593,521,Active,,,https://www.redfin.com/WA/Seattle/2801-1st-Ave-98121/unit-615/home/14993,NWMLS as Distributed by MLS Grid,2469105,N,Y,47.6163178,-122.352084
MLS Listing,,Single Family Residential,8020 17th Ave NW,Seattle,WA,98117,1265000,3,3.0,Seattle,2130,1898,2021,68,594,,Active,,,https://www.redfin.com/WA/Seattle/8020-17th-Ave-NW-98117/home/175478851,NWMLS as Distributed by MLS Grid,2472607,N,Y,47.6875401,-122.3785203
MLS Listing,,Condo/Co-op,2621 2nd Ave #706,Seattle,WA,98121,500000,1,1.0,Belltown,870,,1980,73,575,807,Active,,,https://www.redfin.com/WA/Seattle/2621-2nd-Ave-98121/unit-706/home/48311,NWMLS as Distributed by MLS Grid,2470405,N,Y,47.6161181,-122.3497603
MLS Listing,,Condo/Co-op,701 Galer St #504,Seattle,WA,98109,365000,1,1.0,Queen Anne,617,,1992,74,592,488,Active,,,https://www.redfin.com/WA/Seattle/701-Galer-St-98109/unit-504/home/49967,NWMLS as Distributed by MLS Grid,2471070,N,Y,47.6322073,-122.3429783
MLS Listing,,Single Family Residential,1113 33rd Ave S,Seattle,WA,98144,825000,3,1.0,Leschi,1200,2490,1907,74,688,,Active,,,https://www.redfin.com/WA/Seattle/1113-33rd-Ave-S-98144/home/141932,NWMLS as Distributed by MLS Grid,2467820,N,Y,47.5930111,-122.290606
MLS Listing,,Condo/Co-op,6960 California Ave SW Unit A308,Seattle,WA,98136,399000,2,1.0,Gatewood,895,,1989,74,446,702,Active,,,https://www.redfin.com/WA/Seattle/6960-California-Ave-SW-98136/unit-A308/home/12538193,NWMLS as Distributed by MLS Grid,2470176,N,Y,47.5412466,-122.3867841
MLS Listing,,Single Family Residential,12569 37th Ave NE,Seattle,WA,98125,1194000,4,3.0,Seattle,2500,7242,1968,74,478,,Active,,,https://www.redfin.com/WA/Seattle/12569-37th-Ave-NE-98125/home/111607,NWMLS as Distributed by MLS Grid,2470672,N,Y,47.7211185,-122.2893639
MLS Listing,,Condo/Co-op,1221 Minor Ave #109,Seattle,WA,98101,450000,2,2.0,First Hill,930,,1960,76,484,970,Active,,,https://www.redfin.com/WA/Seattle/1221-Minor-Ave-98101/unit-109/home/2076667,NWMLS as Distributed by MLS Grid,2468604,N,Y,47.6113483,-122.3261191
MLS Listing,,Single Family Residential,837 NW Market St,Seattle,WA,98107,900000,4,1.0,Ballard,2100,4000,1929,81,429,,Active,,,https://www.redfin.com/WA/Seattle/837-NW-Market-St-98107/home/302148,NWMLS as Distributed by MLS Grid,2467794,N,Y,47.6684354,-122.3678822
MLS Listing,,Condo/Co-op,425 Vine St #610,Seattle,WA,98121,350000,1,1.0,Belltown,480,,1999,82,729,705,Active,,,https://www.redfin.com/WA/Seattle/425-Vine-St-98121/unit-610/home/30153,NWMLS as Distributed by MLS Grid,2466850,N,Y,47.6177214,-122.3463117
MLS Listing,,Townhouse,3817 B California Ave SW,Seattle,WA,98116,875000,3,2.5,Genesee,1672,1016,2016,88,523,,Active,,,https://www.redfin.com/WA/Seattle/3817B-California-Ave-SW-98116/home/175091714,NWMLS as Distributed by MLS Grid,2463370,N,Y,47.5696298,-122.3870281
MLS Listing,,Townhouse,901 28th Ave S Unit G,Seattle,WA,98144,699000,3,2.0,Leschi,1350,779,2022,88,518,,Active,,,https://www.redfin.com/WA/Seattle/901-28th-Ave-S-98144/unit-G/home/181270260,NWMLS as Distributed by MLS Grid,2464573,N,Y,47.594501,-122.296857
MLS Listing,,Condo/Co-op,14598 Westminster Way N #102,Shoreline,WA,98133,599000,2,2.0,Westminster,1483,,2024,109,404,523,Active,,,https://www.redfin.com/WA/Shoreline/14598-Westminster-Way-N-98133/unit-102/home/192272666,NWMLS as Distributed by MLS Grid,2459981,N,Y,47.7354495,-122.3543014
MLS Listing,,Condo/Co-op,905 NE 43rd St #108,Seattle,WA,98105,213000,1,1.0,University District,652,,1926,136,327,1181,Active,,,https://www.redfin.com/WA/Seattle/905-NE-43rd-St-98105/unit-108/home/12280751,NWMLS as Distributed by MLS Grid,2456487,N,Y,47.6592427,-122.3184878
MLS Listing,,Condo/Co-op,2821 2nd Ave #1504,Seattle,WA,98121,789000,2,2.0,Belltown,1318,,1982,169,599,2089,Active,,,https://www.redfin.com/WA/Seattle/2821-2nd-Ave-98121/unit-1504/home/34433,NWMLS as Distributed by MLS Grid,2428934,N,Y,47.617312923,-122.3515648
MLS Listing,,Condo/Co-op,820 Blanchard St #904,Seattle,WA,98121,525000,1,1.0,Denny Triangle,683,,2009,201,769,812,Active,,,https://www.redfin.com/WA/Seattle/820-Blanchard-St-98121/unit-904/home/28623819,NWMLS as Distributed by MLS Grid,2434524,N,Y,47.618062,-122.339141
MLS Listing,,Townhouse,6562 5th Ave NE Unit C,Seattle,WA,98115,875000,3,2.5,Green Lake,1360,1156,2003,207,643,,Active,,,https://www.redfin.com/WA/Seattle/6562-5th-Ave-NE-98115/unit-C/home/306235,NWMLS as Distributed by MLS Grid,2425381,N,Y,47.6774314,-122.3242798
MLS Listing,,Single Family Residential,11838 79th Ave S,Seattle,WA,98178,1200000,6,4.0,Skyway,3635,4773,2020,286,330,50,Active,,,https://www.redfin.com/WA/Seattle/11838-79th-Ave-S-98178/home/171920893,NWMLS as Distributed by MLS Grid,2397732,N,Y,47.4960336,-122.2342354
MLS Listing,,Condo/Co-op,1528 25th Ave,Seattle,WA,98122,789000,3,2.0,Central Area,1073,3600,2026,1,735,28,Active,,,https://www.redfin.com/WA/Seattle/1528-25th-Ave-98122/home/201113603,NWMLS as Distributed by MLS Grid,2503225,N,Y,47.6150151,-122.2997801
MLS Listing,,Condo/Co-op,909 5th Ave #204,Seattle,WA,98164,599950,1,1.5,Downtown,1208,,2007,1,497,1593,Active,,,https://www.redfin.com/WA/Seattle/909-5th-Ave-98164/unit-204/home/17382524,NWMLS as Distributed by MLS Grid,2503158,N,Y,47.6062153,-122.332069
MLS Listing,,Condo/Co-op,1425 Western Ave Unit U403,Seattle,WA,98101,1095000,2,2.0,Downtown,1087,,1982,1,1007,2040,Active,,,https://www.redfin.com/WA/Seattle/1425-Western-Ave-98101/unit-U403/home/44801,NWMLS as Distributed by MLS Grid,2500374,N,Y,47.6078754,-122.3413261
MLS Listing,,Single Family Residential,6925 52nd Ave S,Seattle,WA,98118,859000,3,1.0,Seward Park,2010,6500,1951,1,427,,Active,,,https://www.redfin.com/WA/Seattle/6925-52nd-Ave-S-98118/home/492092,NWMLS as Distributed by MLS Grid,2503153,N,Y,47.5399767,-122.2674506
MLS Listing,,Condo/Co-op,2911 2nd Ave #810,Seattle,WA,98121,446500,1,1.0,Belltown,603,25440,2009,1,740,693,Active,,,https://www.redfin.com/WA/Seattle/2911-2nd-Ave-98121/unit-810/home/21616575,NWMLS as Distributed by MLS Grid,2502952,N,Y,47.6176125,-122.3523057
MLS Listing,,Condo/Co-op,2911 2nd Ave #1112,Seattle,WA,98121,460000,1,1.0,Belltown,603,,2009,1,763,693,Active,,,https://www.redfin.com/WA/Seattle/2911-2nd-Ave-98121/unit-1112/home/21616946,NWMLS as Distributed by MLS Grid,2502999,N,Y,47.6176125,-122.3523057
MLS Listing,,Single Family Residential,2171 N 122nd Pl,Seattle,WA,98133,2100000,4,2.5,Haller Lake,2530,16343,1924,1,830,,Active,,,https://www.redfin.com/WA/Seattle/2171-N-122nd-Pl-98133/home/103866,NWMLS as Distributed by MLS Grid,2500896,N,Y,47.7187339,-122.3313902
MLS Listing,,Condo/Co-op,1808 Minor Ave #3105,Seattle,WA,98101,925000,2,2.0,Denny Triangle,1075,,2020,1,860,1315,Active,,,https://www.redfin.com/WA/Seattle/1808-Minor-Ave-98101/unit-3105/home/172710561,NWMLS as Distributed by MLS Grid,2502291,N,Y,47.6172009,-122.3306455
MLS Listing,,Condo/Co-op,1818 Bigelow Ave N #301,Seattle,WA,98109,750000,2,2.0,Queen Anne,1097,,1964,1,684,1226,Active,April-11-2026 12:00 PM,April-11-2026 02:00 PM,https://www.redfin.com/WA/Seattle/1818-Bigelow-Ave-N-98109/unit-301/home/43158,NWMLS as Distributed by MLS Grid,2500899,N,Y,47.6354607,-122.3482605
MLS Listing,,Single Family Residential,1400 Olympic Way W,Seattle,WA,98119,3000000,5,4.5,Queen Anne,4460,2975,2015,1,673,,Active,,,https://www.redfin.com/WA/Seattle/1400-Olympic-Way-W-98119/home/133978,NWMLS as Distributed by MLS Grid,2501249,N,Y,47.6312565,-122.3699343
MLS Listing,,Townhouse,6895 Holly Park Dr S,Seattle,WA,98118,575000,3,2.5,Holly Park,1809,,2006,1,318,550,Active,,,https://www.redfin.com/WA/Seattle/6895-Holly-Park-Dr-S-98118/home/201121831,NWMLS as Distributed by MLS Grid,2502982,N,Y,47.5395689,-122.2884135
MLS Listing,,Townhouse,3500 NE 125th St Unit C,Seattle,WA,98125,599000,3,2.5,Cedar Park,1317,46625,2025,1,455,75,Active,,,https://www.redfin.com/WA/Seattle/3500-NE-125th-St-98125/unit-C/home/201121762,NWMLS as Distributed by MLS Grid,2502971,N,Y,47.719467,-122.290123
MLS Listing,,Condo/Co-op,314 N 117th St,Seattle,WA,98133,1099000,4,2.0,Greenwood,2532,3982,1923,1,434,6,Active,,,https://www.redfin.com/WA/Seattle/314-N-117th-St-98133/home/98193,NWMLS as Distributed by MLS Grid,2502903,N,Y,47.7143513,-122.3547158
MLS Listing,,Multi-Family (2-4 Unit),6222 4th Ave NW,Seattle,WA,98107,950000,4,2.0,Phinney Ridge,2290,5000,1900,1,415,,Active,,,https://www.redfin.com/WA/Seattle/6222-4th-Ave-NW-98107/home/493401,NWMLS as Distributed by MLS Grid,2499293,N,Y,47.6748781,-122.361553
MLS Listing,,Condo/Co-op,820 B S Sullivan St,Seattle,WA,98108,465000,2,1.5,South Park,790,1,2025,1,589,36,Active,,,https://www.redfin.com/WA/Seattle/820-B-S-Sullivan-St-98108/home/198828068,NWMLS as Distributed by MLS Grid,2502526,N,Y,47.527455,-122.322161
MLS Listing,,Single Family Residential,5233 33rd Ave S,Seattle,WA,98118,880000,3,3.0,Beacon Hill,1820,3796,1989,1,484,,Active,,,https://www.redfin.com/WA/Seattle/5233-33rd-Ave-S-98118/home/479314,NWMLS as Distributed by MLS Grid,2502836,N,Y,47.5542951,-122.2908259
MLS Listing,,Single Family Residential,1402 N 136th St,Seattle,WA,98133,868880,3,2.0,Haller Lake,1448,5596,1953,2,600,125,Active,,,https://www.redfin.com/WA/Seattle/1402-N-136th-St-98133/home/101757,NWMLS as Distributed by MLS Grid,2490021,N,Y,47.7281292,-122.3407557
MLS Listing,,Condo/Co-op,2021 1st Ave Unit F20,Seattle,WA,98121,1995000,2,2.5,Downtown,1900,,1982,2,1050,4399,Active,,,https://www.redfin.com/WA/Seattle/2021-1st-Ave-98121/unit-F20/home/201119329,NWMLS as Distributed by MLS Grid,2500003,N,Y,47.6112368,-122.3431769
MLS Listing,,Townhouse,3070 SW Avalon Way Unit G,Seattle,WA,98126,639000,2,2.0,West Seattle,1467,578,2019,2,436,33,Active,,,https://www.redfin.com/WA/Seattle/3070-SW-Avalon-Way-98126/unit-G/home/146087936,NWMLS as Distributed by MLS Grid,2502705,N,Y,47.5657879,-122.3722655
MLS Listing,,Condo/Co-op,2929 1st Ave #808,Seattle,WA,98121,635000,1,1.0,Belltown,720,26162,1999,2,882,942,Active,,,https://www.redfin.com/WA/Seattle/2929-1st-Ave-98121/unit-808/home/47292,NWMLS as Distributed by MLS Grid,2491649,N,Y,47.617223,-122.353623
MLS Listing,,Condo/Co-op,806 S Rose St,Seattle,WA,98108,465000,2,1.5,South Park,790,1,2025,2,589,125,Active,,,https://www.redfin.com/WA/Seattle/806-S-Rose-St-98108/home/172722692,NWMLS as Distributed by MLS Grid,2502523,N,Y,47.529259,-122.322496
MLS Listing,,Condo/Co-op,819 Virginia St #1101,Seattle,WA,98101,489950,1,1.0,Denny Triangle,954,,2007,2,514,1050,Active,,,https://www.redfin.com/WA/Seattle/819-Virginia-St-98101/unit-1101/home/12305313,NWMLS as Distributed by MLS Grid,2499201,N,Y,47.6162028,-122.3356661
MLS Listing,,Townhouse,9239 A 16th Ave SW,Seattle,WA,98106,674900,3,3.0,Highland Park,1844,1200,2026,2,366,99,Active,,,https://www.redfin.com/WA/Seattle/9239-16th-Ave-SW-98106/home/195913536,NWMLS as Distributed by MLS Grid,2495272,N,Y,47.5199005,-122.3556185
MLS Listing,,Single Family Residential,4731 35th Ave SW,Seattle,WA,98126,575000,2,1.0,West Seattle,870,4723,1940,2,661,,Active,,,https://www.redfin.com/WA/Seattle/4731-35th-Ave-SW-98126/home/470968,NWMLS as Distributed by MLS Grid,2502503,N,Y,47.5600981,-122.3765663
MLS Listing,,Townhouse,730 A Broadway E,Seattle,WA,98102,824900,3,2.0,Broadway,1485,575,2026,2,555,,Active,,,https://www.redfin.com/WA/Seattle/730A-Broadway-E-98102/home/197774822,NWMLS as Distributed by MLS Grid,2502490,N,Y,47.625877,-122.320918
MLS Listing,,Condo/Co-op,2244 13th Ave W #206,Seattle,WA,98119,295000,1,1.0,Queen Anne,608,,1990,3,485,609,Active,,,https://www.redfin.com/WA/Seattle/2244-13th-Ave-W-98119/unit-206/home/39943,NWMLS as Distributed by MLS Grid,2502466,N,Y,47.639879,-122.373313
MLS Listing,,Condo/Co-op,501 Roy St Unit T306,Seattle,WA,98109,469000,1,1.0,Queen Anne,627,,2006,3,748,502,Active,,,https://www.redfin.com/WA/Seattle/501-Roy-St-98109/unit-T306/home/12091738,NWMLS as Distributed by MLS Grid,2502661,N,Y,47.6252972,-122.3466163
MLS Listing,,Condo/Co-op,566 Prospect St #108,Seattle,WA,98109,485000,2,1.0,Queen Anne,742,,1989,3,654,656,Active,,,https://www.redfin.com/WA/Seattle/566-Prospect-St-98109/unit-108/home/2116452,NWMLS as Distributed by MLS Grid,2502221,N,Y,47.6291882,-122.3453107
MLS Listing,,Condo/Co-op,2716 Elliott Ave #402,Seattle,WA,98121,629000,1,2.0,Belltown,1054,,2003,3,597,892,Active,,,https://www.redfin.com/WA/Seattle/2716-Elliott-Ave-98121/unit-402/home/67629,NWMLS as Distributed by MLS Grid,2502110,N,Y,47.6150105,-122.353021
MLS Listing,,Townhouse,114 N 39th St,Seattle,WA,98103,675000,1,1.5,Fremont,910,1176,2012,3,742,,Active,,,https://www.redfin.com/WA/Seattle/114-N-39th-St-98103/home/303669,NWMLS as Distributed by MLS Grid,2501847,N,Y,47.6543151,-122.3565528
MLS Listing,,Single Family Residential,11007 2nd Ave NW,Seattle,WA,98177,1249950,4,3.0,Broadview,2140,9063,1950,3,584,,Active,,,https://www.redfin.com/WA/Seattle/11007-2nd-Ave-NW-98177/home/96987,NWMLS as Distributed by MLS Grid,2502562,N,Y,47.7091056,-122.3597671
MLS Listing,,Townhouse,2512 Yale Ave E Unit B,Seattle,WA,98102,1099000,3,2.5,Eastlake,1583,1458,2018,3,694,,Active,,,https://www.redfin.com/WA/Seattle/2512-Yale-Ave-E-98102/unit-B/home/167232760,NWMLS as Distributed by MLS Grid,2502623,N,Y,47.6424744,-122.3265904
MLS Listing,,Single Family Residential,3955 Phinney Ave N,Seattle,WA,98103,1225000,2,2.0,Fremont,1810,4000,1930,3,677,,Active,,,https://www.redfin.com/WA/Seattle/3955-Phinney-Ave-N-98103/home/303562,NWMLS as Distributed by MLS Grid,2501766,N,Y,47.6548563,-122.3547524
MLS Listing,,Single Family Residential,4717 Beach Dr SW,Seattle,WA,98116,3450000,3,2.0,Beach Drive,2970,25568,2023,3,1162,,Active,,,https://www.redfin.com/WA/Seattle/4717-Beach-Dr-SW-98116/home/153780,NWMLS as Distributed by MLS Grid,2500901,N,Y,47.5604315,-122.4037901
MLS Listing,,Vacant Land,7411 S Langston Rd,Seattle,WA,98178,1300000,,,Skyway,,45374,,3,,,Active,,,https://www.redfin.com/WA/Seattle/7411-S-Langston-Rd-98178/home/196235,NWMLS as Distributed by MLS Grid,2501970,N,Y,47.4853311,-122.2409054
MLS Listing,,Single Family Residential,14610 36th Ave NE,Lake Forest Park,WA,98155,1150000,3,3.5,Lake Forest Park,2360,3062,2016,3,487,149,Active,April-11-2026 11:00 AM,April-11-2026 02:00 PM,https://www.redfin.com/WA/Lake-Forest-Park/14610-36th-Ave-NE-98155/home/108450131,NWMLS as Distributed by MLS Grid,2483318,N,Y,47.734408,-122.2896446
MLS Listing,,Condo/Co-op,2030 Western Ave #614,Seattle,WA,98121,625000,1,1.5,Downtown,1015,,1989,3,616,1296,Active,April-7-2026 11:00 AM,April-7-2026 01:00 PM,https://www.redfin.com/WA/Seattle/2030-Western-Ave-98121/unit-614/home/902,NWMLS as Distributed by MLS Grid,2502181,N,Y,47.6112139,-122.3442471
MLS Listing,,Single Family Residential,1524 10th Ave W,Seattle,WA,98119,2095000,5,6.0,Queen Anne,4505,3600,1903,3,465,,Active,April-7-2026 11:00 AM,April-7-2026 01:00 PM,https://www.redfin.com/WA/Seattle/1524-10th-Ave-W-98119/home/134155,NWMLS as Distributed by MLS Grid,2496147,N,Y,47.6331336,-122.3700949
MLS Listing,,Condo/Co-op,1420 Terry Ave #1801,Seattle,WA,98101,1285000,3,3.0,First Hill,1666,,2002,3,771,2364,Active,,,https://www.redfin.com/WA/Seattle/1420-Terry-Ave-98101/unit-1801/home/67473,NWMLS as Distributed by MLS Grid,2501497,N,Y,47.6126538,-122.3293148
MLS Listing,,Single Family Residential,3020 17th Ave S,Seattle,WA,98144,1389500,4,3.0,Beacon Hill,2792,4558,1919,3,498,,Active,,,https://www.redfin.com/WA/Seattle/3020-17th-Ave-S-98144/home/167721,NWMLS as Distributed by MLS Grid,2502144,N,Y,47.5760903,-122.310434
MLS Listing,,Single Family Residential,631 W Emerson St,Seattle,WA,98119,995000,4,2.5,Queen Anne,1834,1745,2025,3,543,,Active,,,https://www.redfin.com/WA/Seattle/631-W-Emerson-St-98119/home/194153860,NWMLS as Distributed by MLS Grid,2502599,N,Y,47.6508951,-122.3662359
MLS Listing,,Condo/Co-op,2244 13th Ave W #410,Seattle,WA,98119,400000,1,1.0,Queen Anne,620,,1990,3,645,626,Active,,,https://www.redfin.com/WA/Seattle/2244-13th-Ave-W-98119/unit-410/home/28483,NWMLS as Distributed by MLS Grid,2501888,N,Y,47.639879,-122.373313
MLS Listing,,Condo/Co-op,9806 28th Ave SW Unit A201,Seattle,WA,98126,349000,2,2.0,West Seattle,834,37318,1988,3,418,340,Active,,,https://www.redfin.com/WA/Seattle/9806-28th-Ave-SW-98126/unit-A-201/home/175781882,NWMLS as Distributed by MLS Grid,2496467,N,Y,47.5152982,-122.3678167
MLS Listing,,Townhouse,2005 Dexter Ave N Unit B,Seattle,WA,98109,837000,2,2.0,Queen Anne,1212,850,2019,3,691,,Active,,,https://www.redfin.com/WA/Seattle/2005-Dexter-Ave-N-98109/unit-B/home/131701,NWMLS as Distributed by MLS Grid,2500332,N,Y,47.6367796,-122.3433118
MLS Listing,,Single Family Residential,4725 S Findlay St,Seattle,WA,98118,699950,3,2.5,Hillman City,1000,1830,2026,3,700,21,Active,,,https://www.redfin.com/WA/Seattle/4725-S-Findlay-St-98118/home/200675102,NWMLS as Distributed by MLS Grid,2502542,N,Y,47.5517194,-122.2730409
MLS Listing,,Condo/Co-op,583 Battery St Unit 3406N,Seattle,WA,98121,1950000,2,2.0,Belltown,1523,,2016,3,1280,1790,Active,,,https://www.redfin.com/WA/Seattle/583-Battery-St-98121/unit-3406N/home/109002618,NWMLS as Distributed by MLS Grid,2501172,N,Y,47.6171082,-122.3432248
MLS Listing,,Single Family Residential,1623 Ferry Ave SW,Seattle,WA,98116,1050000,3,2.0,Admiral,1720,3330,1904,3,610,,Active,,,https://www.redfin.com/WA/Seattle/1623-Ferry-Ave-SW-98116/home/150834,NWMLS as Distributed by MLS Grid,2502275,N,Y,47.5885095,-122.3830586
MLS Listing,,Condo/Co-op,2400 8th Ave N Unit 1S,Seattle,WA,98109,899000,2,2.0,Westlake,1301,,1991,3,691,748,Active,,,https://www.redfin.com/WA/Seattle/2400-8th-Ave-N-98109/unit-001S/home/71252,NWMLS as Distributed by MLS Grid,2502468,N,Y,47.6398541,-122.3424192
MLS Listing,,Townhouse,3646 Greenwood Ave N Unit A,Seattle,WA,98103,1179000,3,3.0,Fremont,1790,1399,2025,3,659,0,Active,,,https://www.redfin.com/WA/Seattle/3646A-Greenwood-Ave-N-98103/unit-A/home/199999834,NWMLS as Distributed by MLS Grid,2502428,N,Y,47.6538332,-122.355177
MLS Listing,,Townhouse,9239 B 16th Ave SW,Seattle,WA,98106,674900,3,3.0,Highland Park,1844,1200,2025,3,366,99,Active,,,https://www.redfin.com/WA/Seattle/9239-16th-Ave-SW-98106/home/195913535,NWMLS as Distributed by MLS Grid,2495253,N,Y,47.5199005,-122.3556185
MLS Listing,,Condo/Co-op,12534 15th Ave NE,Seattle,WA,98125,359000,1,1.0,Pinehurst,844,,2002,3,425,515,Active,,,https://www.redfin.com/WA/Seattle/12534-15th-Ave-NE-98125/home/2096178,NWMLS as Distributed by MLS Grid,2501243,N,Y,47.7205053,-122.3122377
MLS Listing,,Townhouse,2815 24th Ave S,Seattle,WA,98144,824000,2,1.5,Beacon Hill,1340,1350,2007,3,615,130,Active,,,https://www.redfin.com/WA/Seattle/2815-24th-Ave-S-98144/home/12306477,NWMLS as Distributed by MLS Grid,2479558,N,Y,47.5778418,-122.3015687
MLS Listing,,Single Family Residential,4559 34th Ave S,Seattle,WA,98118,1050000,4,3.5,Columbia City,1890,1669,2025,3,556,,Active,,,https://www.redfin.com/WA/Seattle/4559-34th-Ave-S-98118/home/194153204,NWMLS as Distributed by MLS Grid,2502012,N,Y,47.561167,-122.290114
MLS Listing,,Single Family Residential,1816 15th Ave S,Seattle,WA,98144,824499,3,3.0,N Beacon Hill,1640,739,2021,3,503,,Active,,,https://www.redfin.com/WA/Seattle/1816-15th-Ave-S-98144/home/177698470,NWMLS as Distributed by MLS Grid,2500105,N,Y,47.5866007,-122.3131662
MLS Listing,,Condo/Co-op,1519 NW 57th St,Seattle,WA,98107,479000,1,1.5,Ballard,1006,,2000,3,476,726,Active,,,https://www.redfin.com/WA/Seattle/1519-NW-57th-St-98107/home/144037569,NWMLS as Distributed by MLS Grid,2499411,N,Y,47.6700212,-122.3772018
MLS Listing,,Single Family Residential,8508 1st Ave NE,Seattle,WA,98115,799000,3,2.5,Maple Leaf,1088,2517,2026,3,734,9,Active,,,https://www.redfin.com/WA/Seattle/8508-1st-Ave-NE-98115/home/201112849,NWMLS as Distributed by MLS Grid,2501645,N,Y,47.6907193,-122.3280319
MLS Listing,,Condo/Co-op,2201 3rd Ave #2301,Seattle,WA,98121,748761,2,1.5,Belltown,988,,1979,3,758,1299,Active,,,https://www.redfin.com/WA/Seattle/2201-3rd-Ave-98121/unit-2301/home/38038,NWMLS as Distributed by MLS Grid,2502413,N,Y,47.613898,-122.344043
MLS Listing,,Condo/Co-op,501 Roy St Unit C341,Seattle,WA,98109,415000,1,1.0,Queen Anne,692,,2007,3,600,556,Active,,,https://www.redfin.com/WA/Seattle/501-Roy-St-98109/unit-C341/home/12092933,NWMLS as Distributed by MLS Grid,2501478,N,Y,47.6252972,-122.3466163
MLS Listing,,Single Family Residential,10702 39th Ave SW,Seattle,WA,98146,929950,4,2.0,West Seattle,2310,9313,1952,3,403,,Active,,,https://www.redfin.com/WA/Seattle/10702-39th-Ave-SW-98146/home/156327,NWMLS as Distributed by MLS Grid,2501111,N,Y,47.5071637,-122.3812316
MLS Listing,,Condo/Co-op,1185 Broadway E #5,Seattle,WA,98102,1980000,2,2.5,North Capitol Hill,1736,,2009,3,1141,1940,Active,,,https://www.redfin.com/WA/Seattle/1185-Broadway-E-98102/unit-5/home/28624594,NWMLS as Distributed by MLS Grid,2500440,N,Y,47.6302101,-122.3215634
MLS Listing,,Single Family Residential,8401 Linden Ave N,Seattle,WA,98103,1325000,4,3.0,Green Lake,2450,3300,1926,3,541,,Active,,,https://www.redfin.com/WA/Seattle/8401-Linden-Ave-N-98103/home/300296,NWMLS as Distributed by MLS Grid,2502241,N,Y,47.6899991,-122.3475247
MLS Listing,,Townhouse,1530 25th Ave,Seattle,WA,98122,1129950,3,2.5,Central Area,1651,3600,2026,3,684,118,Active,,,https://www.redfin.com/WA/Seattle/1530-25th-Ave-98122/home/146006,NWMLS as Distributed by MLS Grid,2497708,N,Y,47.5884603,-122.2997301
MLS Listing,,Single Family Residential,3221 36th Ave S,Seattle,WA,98144,1300000,3,2.0,Mt Baker,2830,4080,1927,3,459,,Active,,,https://www.redfin.com/WA/Seattle/3221-36th-Ave-S-98144/home/171505,NWMLS as Distributed by MLS Grid,2502398,N,Y,47.5745589,-122.2879904
MLS Listing,,Townhouse,3245 21st Ave W,Seattle,WA,98199,850000,3,2.5,Magnolia,1619,1372,2014,3,525,,Active,,,https://www.redfin.com/WA/Seattle/3245-21st-Ave-W-98199/home/59703271,NWMLS as Distributed by MLS Grid,2501855,N,Y,47.6499173,-122.3839498
MLS Listing,,Single Family Residential,8605 5th Ave NE Unit B,Seattle,WA,98115,685800,2,2.0,Maple Leaf,800,1670,2020,3,857,50,Active,,,https://www.redfin.com/WA/Seattle/8605-5th-Ave-NE-98115/unit-B/home/109738,NWMLS as Distributed by MLS Grid,2502318,N,Y,47.691377,-122.3233057
MLS Listing,,Condo/Co-op,303 23rd Ave S #304,Seattle,WA,98144,285000,1,1.0,Central Area,535,,2000,3,533,509,Active,,,https://www.redfin.com/WA/Seattle/303-23rd-Ave-S-98144/unit-304/home/49757,NWMLS as Distributed by MLS Grid,2502289,N,Y,47.6000794,-122.3024604
MLS Listing,,Condo/Co-op,13229 Linden Ave N Unit B306,Seattle,WA,98133,285000,1,1.0,Bitter Lake,710,,1969,3,401,355,Active,,,https://www.redfin.com/WA/Seattle/13229-Linden-Ave-N-98133/unit-B-306/home/25725685,NWMLS as Distributed by MLS Grid,2502365,N,Y,47.725678,-122.3490358
MLS Listing,,Single Family Residential,7718 Beacon Ave S,Seattle,WA,98118,699900,3,2.0,Beacon Hill,1640,4450,1951,3,427,,Active,,,https://www.redfin.com/WA/Seattle/7718-Beacon-Ave-S-98118/home/480600,NWMLS as Distributed by MLS Grid,2502067,N,Y,47.5332155,-122.2886715
MLS Listing,,Single Family Residential,2321 NE 128th St,Seattle,WA,98125,999000,4,3.0,Olympic Hills,1920,8370,1952,3,520,,Active,,,https://www.redfin.com/WA/Seattle/2321-NE-128th-St-98125/home/115327,NWMLS as Distributed by MLS Grid,2500847,N,Y,47.7218012,-122.3036599
MLS Listing,,Condo/Co-op,4444 44th Ave SW #405,Seattle,WA,98116,745000,3,3.0,Alaska Junction,1904,18060,1975,3,391,1142,Active,,,https://www.redfin.com/WA/Seattle/4444-44th-Ave-SW-98116/unit-405/home/13953,NWMLS as Distributed by MLS Grid,2502303,N,Y,47.5634012,-122.3877545
MLS Listing,,Multi-Family (2-4 Unit),10443 17 Ave SW,Seattle,WA,98146,999000,7,4.0,White Center,3120,17000,1969,3,320,11,Active,,,https://www.redfin.com/WA/Seattle/10443-17th-Ave-SW-98146/home/2070314,NWMLS as Distributed by MLS Grid,2502279,N,Y,47.5087652,-122.3567154
MLS Listing,,Single Family Residential,9642 Beacon Ave S,Seattle,WA,98118,875000,4,3.0,Seattle,2310,10049,1983,3,379,,Active,,,https://www.redfin.com/WA/Seattle/9642-Beacon-Ave-S-98118/home/175292,NWMLS as Distributed by MLS Grid,2501833,N,Y,47.5157856,-122.2741059
MLS Listing,,Single Family Residential,8117 17th Ave SW,Seattle,WA,98106,640000,2,1.0,Highland Park,820,3714,1930,3,780,70,Active,,,https://www.redfin.com/WA/Seattle/8117-17th-Ave-SW-98106/home/474970,NWMLS as Distributed by MLS Grid,2501736,N,Y,47.529522,-122.356749
MLS Listing,,Townhouse,3646 Greenwood Ave N Unit B,Seattle,WA,98103,1059000,3,2.5,Fremont,1642,1115,2025,3,645,0,Active,,,https://www.redfin.com/WA/Seattle/3646A-Greenwood-Ave-N-98103/unit-B/home/200683282,NWMLS as Distributed by MLS Grid,2502295,N,Y,47.6538332,-122.355177
MLS Listing,,Townhouse,219 NE 75th St,Seattle,WA,98115,919000,2,2.5,Green Lake,1403,832,2026,3,655,4,Active,,,https://www.redfin.com/WA/Seattle/219-NE-75th-St-98115/home/195913100,NWMLS as Distributed by MLS Grid,2502102,N,Y,47.683054,-122.326486
MLS Listing,,Single Family Residential,3046 43rd Ave W,Seattle,WA,98199,3200000,5,4.5,Magnolia,5775,5800,1999,3,554,,Active,April-7-2026 11:00 AM,April-7-2026 01:00 PM,https://www.redfin.com/WA/Seattle/3046-43rd-Ave-W-98199/home/126771,NWMLS as Distributed by MLS Grid,2499223,N,Y,47.6481865,-122.4116055
MLS Listing,,Single Family Residential,10829 11th Ave NE,Seattle,WA,98125,769000,3,2.0,Victory Heights,1467,1182,2025,3,524,79,Active,,,https://www.redfin.com/WA/Seattle/10829-11th-Ave-NE-98125/home/187464065,NWMLS as Distributed by MLS Grid,2500175,N,Y,47.7080091,-122.3164159
MLS Listing,,Condo/Co-op,1231 5th Ave N #302,Seattle,WA,98109,1125000,2,2.0,Queen Anne,1923,,1992,3,585,1957,Active,,,https://www.redfin.com/WA/Seattle/1231-5th-Ave-N-98109/unit-302/home/34859,NWMLS as Distributed by MLS Grid,2471828,N,Y,47.630774,-122.347905
MLS Listing,,Townhouse,6509 19th Ave NW,Seattle,WA,98117,949950,3,2.0,Ballard,1490,1270,2026,3,638,100,Active,,,https://www.redfin.com/WA/Seattle/6509-19th-Ave-NW-98117/home/195912447,NWMLS as Distributed by MLS Grid,2501911,N,Y,47.676221,-122.381375
MLS Listing,,Single Family Residential,208 35th Ave E,Seattle,WA,98112,3087500,4,3.5,Denny Blaine,3481,4000,2025,3,887,,Active,,,https://www.redfin.com/WA/Seattle/208-35th-Ave-E-98112/home/183995312,NWMLS as Distributed by MLS Grid,2502059,N,Y,47.6204201,-122.2876973
MLS Listing,,Townhouse,1 Ward St Unit C,Seattle,WA,98109,1595000,2,2.5,Queen Anne,2235,,1909,3,714,2019,Active,,,https://www.redfin.com/WA/Seattle/1-Ward-St-98109/unit-C/home/175767527,NWMLS as Distributed by MLS Grid,2498631,N,Y,47.6278655,-122.3562951
MLS Listing,,Townhouse,6037 42nd Ave SW Unit B,Seattle,WA,98136,724500,3,2.5,West Seattle,1394,775,2022,3,520,,Active,,,https://www.redfin.com/WA/Seattle/6037-42nd-Ave-SW-98136/unit-B/home/182057888,NWMLS as Distributed by MLS Grid,2502017,N,Y,47.547405,-122.3862808
MLS Listing,,Townhouse,6953 42nd Ave S,Seattle,WA,98118,674950,3,2.5,Seattle,1398,3047,2025,3,483,25,Active,,,https://www.redfin.com/WA/Unknown/6953-42nd-Ave-S-Unknown/home/200256820,NWMLS as Distributed by MLS Grid,2502141,N,Y,47.539749,-122.281189
MLS Listing,,Single Family Residential,1231 6th Ave N,Seattle,WA,98109,1250000,3,3.5,Queen Anne,1600,1953,2004,3,781,,Active,,,https://www.redfin.com/WA/Seattle/1231-6th-Ave-N-98109/home/132264,NWMLS as Distributed by MLS Grid,2500869,N,Y,47.6306323,-122.3454327
MLS Listing,,Single Family Residential,9213 25TH Ave NE,Seattle,WA,98115,950000,3,2.0,Wedgwood,1642,8525,1931,3,579,,Active,,,https://www.redfin.com/WA/Seattle/9213-25th-Ave-NE-98115/home/317134,NWMLS as Distributed by MLS Grid,2502197,N,Y,47.6961442,-122.3017586
MLS Listing,,Single Family Residential,10044 12th Ave NW,Seattle,WA,98177,750000,3,2.0,Crown Hill,1260,9000,1947,3,595,,Active,,,https://www.redfin.com/WA/Seattle/10044-12th-Ave-NW-98177/home/97179,NWMLS as Distributed by MLS Grid,2502219,N,Y,47.7028673,-122.3710364
MLS Listing,,Condo/Co-op,3926 1st Ave NE #31,Seattle,WA,98015,510000,2,1.0,Wallingford,716,,1987,3,712,526,Active,,,https://www.redfin.com/WA/Seattle/3926-1st-Ave-NE-98105/unit-31/home/40242,NWMLS as Distributed by MLS Grid,2500890,N,Y,47.654592,-122.3275944
MLS Listing,,Vacant Land,5426 Beach Dr SW,Seattle,WA,98136,589000,,,Beach Drive,,80350,,3,,,Active,,,https://www.redfin.com/WA/Seattle/5426-Beach-Dr-SW-98136/home/17506251,NWMLS as Distributed by MLS Grid,2502215,N,Y,47.5534866,-122.3973631
MLS Listing,,Single Family Residential,10125 3rd Ave NW,Seattle,WA,98177,2000000,2,2.0,Broadview,1800,10500,1945,3,1111,,Active,,,https://www.redfin.com/WA/Seattle/10125-3rd-Ave-NW-98177/home/95490,NWMLS as Distributed by MLS Grid,2502208,N,Y,47.7029275,-122.3610686
MLS Listing,,Single Family Residential,10733 17th Ave NE,Seattle,WA,98125,1849000,5,3.5,Victory Heights,3382,4890,2026,3,547,32,Active,,,https://www.redfin.com/WA/Seattle/10733-17th-Ave-NE-98125/home/107763,NWMLS as Distributed by MLS Grid,2501651,N,Y,47.7076877,-122.3103448
MLS Listing,,Single Family Residential,10131 3rd Ave NW,Seattle,WA,98177,2000000,5,3.0,Broadview,3160,10500,1940,3,633,,Active,,,https://www.redfin.com/WA/Seattle/10131-3rd-Ave-NW-98177/home/96234,NWMLS as Distributed by MLS Grid,2502204,N,Y,47.7031021,-122.3610753
MLS Listing,,Condo/Co-op,7341 B 21st Ave NE,Seattle,WA,98115,1199000,3,3.0,Ravenna,1961,2286,2026,3,611,126,Active,,,https://www.redfin.com/WA/Seattle/7341-21st-Ave-NE-98115/home/309258,NWMLS as Distributed by MLS Grid,2500846,N,Y,47.6824926,-122.3056056
MLS Listing,,Condo/Co-op,3916 S Juneau St,Seattle,WA,98118,669000,2,2.5,Columbia City,1122,1020,2026,3,596,49,Active,,,https://www.redfin.com/WA/Seattle/3916-S-Juneau-St-98118/home/173583,NWMLS as Distributed by MLS Grid,2501093,N,Y,47.5499811,-122.2826032
MLS Listing,,Condo/Co-op,9846 62nd Ave S #1,Seattle,WA,98118,1599990,5,3.5,Upper Rainier Beach,2450,,2026,3,653,21,Active,,,https://www.redfin.com/WA/Seattle/9846-62nd-Ave-S-98118/unit-1/home/192256960,NWMLS as Distributed by MLS Grid,2501831,N,Y,47.511957,-122.255544
MLS Listing,,Condo/Co-op,655 Crockett St Unit B207,Seattle,WA,98109,449900,1,1.0,Queen Anne,786,,2004,3,572,804,Active,,,https://www.redfin.com/WA/Seattle/655-Crockett-St-98109/unit-B207/home/2079472,NWMLS as Distributed by MLS Grid,2499424,N,Y,47.636816,-122.343614
MLS Listing,,Townhouse,12510 35th Ave NE Unit E,Seattle,WA,98125,670000,3,2.5,Cedar Park,1317,46625,2025,3,509,75,Active,,,https://www.redfin.com/WA/Seattle/12510-35th-Ave-NE-98125/unit-E/home/201108167,NWMLS as Distributed by MLS Grid,2502154,N,Y,47.7197866,-122.2897659
MLS Listing,,Townhouse,1017 NE 55th St,Seattle,WA,98105,1080000,9,3.0,University District,1950,1469,2019,4,554,,Active,,,https://www.redfin.com/WA/Seattle/1017-NE-55th-St-98105/home/311868,NWMLS as Distributed by MLS Grid,2500377,N,Y,47.6684603,-122.3166591
MLS Listing,,Single Family Residential,5752 NE 62nd St,Seattle,WA,98115,975000,4,2.5,Windermere,1601,4452,1948,4,609,,Active,,,https://www.redfin.com/WA/Seattle/5752-NE-62nd-St-98115/home/120980,NWMLS as Distributed by MLS Grid,2502092,N,Y,47.6737311,-122.2639405
MLS Listing,,Townhouse,8508 29th Ave NW,Seattle,WA,98117,740000,3,2.5,North Beach,1410,1478,1995,4,525,,Active,,,https://www.redfin.com/WA/Seattle/8508-29th-Ave-NW-98117/home/163365,NWMLS as Distributed by MLS Grid,2501565,N,Y,47.6908985,-122.3938529
MLS Listing,,Single Family Residential,9617 15th Ave NE,Seattle,WA,98115,775000,4,2.5,Maple Leaf,1250,7668,1924,4,620,,Active,,,https://www.redfin.com/WA/Seattle/9617-15th-Ave-NE-98115/home/110203,NWMLS as Distributed by MLS Grid,2501107,N,Y,47.6990983,-122.3125399
MLS Listing,,Moorage,9468 Rainier Ave S Unit M37,Seattle,WA,98118,110000,0,,Rainier Beach,30,30,1967,4,3667,95,Active,,,https://www.redfin.com/WA/Seattle/9468-Rainier-Ave-S-98118/unit-M37/home/23947,NWMLS as Distributed by MLS Grid,2502024,N,Y,47.520975,-122.261254
MLS Listing,,Townhouse,13718 N Midvale Ave Unit C,Seattle,WA,98133,595000,3,2.5,Seattle,1510,1262,2007,4,394,,Active,,,https://www.redfin.com/WA/Seattle/13718-Midvale-Ave-N-98133/unit-C/home/191489416,NWMLS as Distributed by MLS Grid,2502137,N,Y,47.7293616,-122.3434466
MLS Listing,,Single Family Residential,7316 Alonzo Ave NW,Seattle,WA,98117,1050000,3,2.5,Whittier,1530,2500,2018,4,686,,Active,,,https://www.redfin.com/WA/Seattle/7316-Alonzo-Ave-NW-98117/home/496920,NWMLS as Distributed by MLS Grid,2499621,N,Y,47.6819623,-122.3743806
MLS Listing,,Single Family Residential,711 N 97th St,Seattle,WA,98103,1349000,3,2.5,Greenwood,2300,8809,2014,4,587,,Active,,,https://www.redfin.com/WA/Seattle/711-N-97th-St-98103/home/99366,NWMLS as Distributed by MLS Grid,2470896,N,Y,47.6994042,-122.3492913
MLS Listing,,Single Family Residential,5257 Brooklyn Ave NE,Seattle,WA,98105,900000,8,3.0,University District,1561,1445,2022,4,577,,Active,,,https://www.redfin.com/WA/Seattle/5257-Brooklyn-Ave-NE-98105/home/311986,NWMLS as Distributed by MLS Grid,2501222,N,Y,47.6681482,-122.3144482
MLS Listing,,Townhouse,6710 36th Ave SW Unit B,Seattle,WA,98126,850000,2,2.0,Gatewood,1120,,2022,4,759,80,Active,,,https://www.redfin.com/WA/Seattle/6710-36th-Ave-SW-98126/unit-B/home/22644353,NWMLS as Distributed by MLS Grid,2498319,N,Y,47.542504,-122.377503
MLS Listing,,Single Family Residential,12715 Palatine Ave N,Seattle,WA,98133,1750000,5,3.0,Broadview,2934,8280,1950,4,596,,Active,,,https://www.redfin.com/WA/Seattle/12715-Palatine-Ave-N-98133/home/96851,NWMLS as Distributed by MLS Grid,2495264,N,Y,47.7219272,-122.3572234
MLS Listing,,Condo/Co-op,2929 1st Ave #1116,Seattle,WA,98121,449900,1,1.0,Belltown,633,,2000,4,711,828,Active,,,https://www.redfin.com/WA/Seattle/2929-1st-Ave-98121/unit-1116/home/46484,NWMLS as Distributed by MLS Grid,2500401,N,Y,47.617223,-122.353623
MLS Listing,,Townhouse,3407 A NW Market St,Seattle,WA,98107,1110000,3,2.0,Ballard,1934,1276,2026,4,574,5,Active,,,https://www.redfin.com/WA/Seattle/3407-NW-Market-St-98107/home/162355,NWMLS as Distributed by MLS Grid,2501350,N,Y,47.6684229,-122.4015404
MLS Listing,,Condo/Co-op,1729 18th Ave #201,Seattle,WA,98122,629000,2,2.0,Capitol Hill,903,,1981,4,697,726,Active,,,https://www.redfin.com/WA/Seattle/1729-18th-Ave-98122/unit-201/home/170471421,NWMLS as Distributed by MLS Grid,2494797,N,Y,47.617278,-122.3091312
MLS Listing,,Single Family Residential,9919 Arrowsmith Ave S,Seattle,WA,98118,898000,4,2.5,Upper Rainier Beach,2320,7345,1916,4,387,,Active,,,https://www.redfin.com/WA/Seattle/9919-Arrowsmith-Ave-S-98118/home/177566,NWMLS as Distributed by MLS Grid,2501288,N,Y,47.5122151,-122.2512041
MLS Listing,,Condo/Co-op,135 N 46th St #101,Seattle,WA,98103,655000,2,2.0,Fremont,1176,,1973,4,557,534,Active,,,https://www.redfin.com/WA/Seattle/135-N-46th-St-98103/unit-101/home/73320,NWMLS as Distributed by MLS Grid,2498963,N,Y,47.6622179,-122.356341
MLS Listing,,Single Family Residential,1910 N 38th St,Seattle,WA,98103,1725000,4,4.0,Wallingford,2849,3625,1922,4,605,,Active,,,https://www.redfin.com/WA/Seattle/1910-N-38th-St-98103/home/119114,NWMLS as Distributed by MLS Grid,2501902,N,Y,47.65332,-122.3345891
MLS Listing,,Townhouse,1138 A NW 57th St,Seattle,WA,98107,798000,3,2.0,Ballard,1260,831,2026,4,633,,Active,,,https://www.redfin.com/WA/Seattle/1138-NW-57th-St-98107/home/201106368,NWMLS as Distributed by MLS Grid,2501592,N,Y,47.670398,-122.3724911
MLS Listing,,Townhouse,1502 NW 52nd St,Seattle,WA,98107,789500,2,2.0,Ballard,1290,1935,2006,4,612,,Active,,,https://www.redfin.com/WA/Seattle/1502-NW-52nd-St-98107/home/2066004,NWMLS as Distributed by MLS Grid,2499995,N,Y,47.666632,-122.3766834
MLS Listing,,Multi-Family (2-4 Unit),7818 Stroud Ave N,Seattle,WA,98103,950000,3,3.0,Green Lake,2230,2652,1903,4,426,,Active,,,https://www.redfin.com/WA/Seattle/7818-Stroud-Ave-N-98103/home/306327,NWMLS as Distributed by MLS Grid,2498499,N,Y,47.6858156,-122.3354857
MLS Listing,,Townhouse,6830 31st Ave SW,Seattle,WA,98126,825000,4,3.0,High Point,1990,2162,2017,4,415,374,Active,,,https://www.redfin.com/WA/Seattle/6830-31st-Ave-SW-98126/home/18661542,NWMLS as Distributed by MLS Grid,2502049,N,Y,47.5414194,-122.3719868
MLS Listing,,Townhouse,3010 NE 55th St,Seattle,WA,98105,949999,3,2.5,Bryant,1770,1600,2010,4,537,,Active,,,https://www.redfin.com/WA/Seattle/3010-NE-55th-St-98105/home/28582384,NWMLS as Distributed by MLS Grid,2501398,N,Y,47.6686831,-122.2945137
MLS Listing,,Condo/Co-op,715 2nd Ave #1702,Seattle,WA,98104,4000000,2,2.5,Seattle,2720,,2000,4,1471,3491,Active,,,https://www.redfin.com/WA/Seattle/715-2nd-Ave-98104/unit-1702/home/58954,NWMLS as Distributed by MLS Grid,2501886,N,Y,47.6033305,-122.3337736
MLS Listing,,Single Family Residential,6517 Fremont Ave N,Seattle,WA,98103,1250000,3,2.0,Green Lake,2380,3000,1930,4,525,,Active,,,https://www.redfin.com/WA/Seattle/6517-Fremont-Ave-N-98103/home/301148,NWMLS as Distributed by MLS Grid,2501211,N,Y,47.6766237,-122.3502088
MLS Listing,,Condo/Co-op,1250 Taylor Ave N #105,Seattle,WA,98109,535000,2,2.0,Queen Anne,1327,,1978,4,403,762,Active,,,https://www.redfin.com/WA/Seattle/1250-Taylor-Ave-N-98109/unit-105/home/39661,NWMLS as Distributed by MLS Grid,2495545,N,Y,47.6311273,-122.3460781
MLS Listing,,Single Family Residential,2660 9th Ave W,Seattle,WA,98119,2750000,4,3.5,Queen Anne,3292,3230,2019,4,835,,Active,,,https://www.redfin.com/WA/Seattle/2660-9th-Ave-W-98119/home/129298,NWMLS as Distributed by MLS Grid,2500115,N,Y,47.643996,-122.3685765
MLS Listing,,Condo/Co-op,2117 N 107th St #402,Seattle,WA,98133,440000,2,2.0,Northgate,1031,,1994,4,427,909,Active,,,https://www.redfin.com/WA/Seattle/2117-N-107th-St-98133/unit-402/home/33633,NWMLS as Distributed by MLS Grid,2499927,N,Y,47.7066262,-122.3330961
MLS Listing,,Condo/Co-op,732 11th Ave E #202,Seattle,WA,98102,550000,2,1.0,Capitol Hill,934,,1969,4,589,715,Active,,,https://www.redfin.com/WA/Seattle/732-11th-Ave-E-98102/unit-202/home/61776,NWMLS as Distributed by MLS Grid,2500689,N,Y,47.6262532,-122.3176782
MLS Listing,,Townhouse,2340 N 64th St Unit B,Seattle,WA,98103,899950,2,2.5,Green Lake,1270,458,2026,4,709,107,Active,,,https://www.redfin.com/WA/Seattle/2340-N-64th-St-98103/unit-B/home/201106070,NWMLS as Distributed by MLS Grid,2501652,N,Y,47.6753996,-122.3292215
MLS Listing,,Multi-Family (2-4 Unit),1822 S King St Unit A-D,Seattle,WA,98144,1650000,5,4.0,Central Area,2640,4800,1988,4,625,,Active,,,https://www.redfin.com/WA/Seattle/1822-S-King-St-98144/unit-A-D/home/201105851,NWMLS as Distributed by MLS Grid,2501988,N,Y,47.5985541,-122.3079065
MLS Listing,,Single Family Residential,4220 Francis Ave N,Seattle,WA,98103,1195000,5,2.0,Fremont,2930,5279,1919,4,408,,Active,,,https://www.redfin.com/WA/Seattle/4220-Francis-Ave-N-98103/home/302299,NWMLS as Distributed by MLS Grid,2501904,N,Y,47.6584316,-122.3530638
MLS Listing,,Single Family Residential,8848 20th Ave SW,Seattle,WA,98106,990950,3,2.5,Highland Park,2076,2853,2022,4,477,,Active,,,https://www.redfin.com/WA/Seattle/8848-20th-Ave-SW-98106/home/475647,NWMLS as Distributed by MLS Grid,2496636,N,Y,47.5233585,-122.3586759
MLS Listing,,Condo/Co-op,1805 Bellevue Ave #301,Seattle,WA,98122,690000,3,2.0,Capitol Hill,1125,,1995,4,613,957,Active,,,https://www.redfin.com/WA/Seattle/1805-Bellevue-Ave-98122/unit-301/home/30134,NWMLS as Distributed by MLS Grid,2501694,N,Y,47.6180012,-122.3271047
MLS Listing,,Townhouse,115 27th Ave E Unit D,Seattle,WA,98112,817000,2,2.0,Seattle,1517,1242,2019,4,539,,Active,,,https://www.redfin.com/WA/Seattle/115-27th-Ave-E-98112/unit-D/home/171935751,NWMLS as Distributed by MLS Grid,2501633,N,Y,47.6193943,-122.297563
MLS Listing,,Multi-Family (2-4 Unit),741 Federal Ave E,Seattle,WA,98102,3250000,1,3.0,Capitol Hill,7165,7165,1927,4,454,,Active,,,https://www.redfin.com/WA/Seattle/741-Federal-Ave-E-98102/home/2068326,NWMLS as Distributed by MLS Grid,2501955,N,Y,47.6265556,-122.3194792
MLS Listing,,Townhouse,1966 S Grand St,Seattle,WA,98144,655000,3,2.0,N Beacon Hill,1189,644,2019,4,551,,Active,,,https://www.redfin.com/WA/Seattle/1966-S-Grand-St-98144/home/167113153,NWMLS as Distributed by MLS Grid,2501534,N,Y,47.587086,-122.306539
MLS Listing,,Single Family Residential,9231 39th Ave S,Seattle,WA,98118,599950,2,1.0,Beacon Hill,1340,4000,1928,4,448,,Active,,,https://www.redfin.com/WA/Seattle/9231-39th-Ave-S-98118/home/480294,NWMLS as Distributed by MLS Grid,2496188,N,Y,47.5204457,-122.2840528
MLS Listing,,Single Family Residential,348 NE 57th St,Seattle,WA,98105,1150000,4,2.5,Green Lake,2430,5700,1917,4,473,,Active,,,https://www.redfin.com/WA/Seattle/348-NE-57th-St-98105/home/305723,NWMLS as Distributed by MLS Grid,2501095,N,Y,47.6702791,-122.3233837
MLS Listing,,Single Family Residential,1516 NE 96th St,Seattle,WA,98115,1140000,3,3.0,Maple Leaf,1930,6388,1932,4,591,,Active,,,https://www.redfin.com/WA/Seattle/1516-NE-96th-St-98115/home/107077,NWMLS as Distributed by MLS Grid,2501535,N,Y,47.6987338,-122.3113219
MLS Listing,,Single Family Residential,933 Yakima Pl S,Seattle,WA,98144,1298800,4,3.0,Leschi,2020,2760,1926,4,643,,Active,,,https://www.redfin.com/WA/Seattle/933-Yakima-Pl-S-98144/home/149220,NWMLS as Distributed by MLS Grid,2500347,N,Y,47.5934759,-122.2939008
MLS Listing,,Single Family Residential,10341 Stone Ave N,Seattle,WA,98133,799999,5,4.0,Licton Springs,1780,5043,1993,4,449,,Active,,,https://www.redfin.com/WA/Seattle/10341-Stone-Ave-N-98133/home/105626,NWMLS as Distributed by MLS Grid,2501900,N,Y,47.7044838,-122.3423628
MLS Listing,,Single Family Residential,4719 NE Park Pl,Seattle,WA,98115,2000000,4,3.5,Sand Point Country Club,3470,8217,1949,4,576,256,Active,,,https://www.redfin.com/WA/Seattle/4719-NE-Park-Pl-98115/home/321317,NWMLS as Distributed by MLS Grid,2498699,N,Y,47.6832766,-122.2766109
MLS Listing,,Single Family Residential,1230 S Donovan St,Seattle,WA,98108,325000,1,1.0,South Park,1700,6000,1911,4,191,,Active,,,https://www.redfin.com/WA/Seattle/1230-S-Donovan-St-98108/home/477217,NWMLS as Distributed by MLS Grid,2487686,N,Y,47.525784,-122.3161827
MLS Listing,,Single Family Residential,2418 W Boston,Seattle,WA,98199,875000,2,1.0,Magnolia Bluff,1060,4000,1944,4,825,,Active,,,https://www.redfin.com/WA/Seattle/2418-W-Boston-St-98199/home/124096,NWMLS as Distributed by MLS Grid,2501086,N,Y,47.6385804,-122.3890438
MLS Listing,,Townhouse,1531 NW 58th St Unit A,Seattle,WA,98107,849950,3,2.5,Ballard,1432,1104,2014,4,594,,Active,,,https://www.redfin.com/WA/Seattle/1531-NW-58th-St-98107/unit-A/home/56255064,NWMLS as Distributed by MLS Grid,2501585,N,Y,47.6707513,-122.3777368
MLS Listing,,Condo/Co-op,2562 Thorndyke Ave W #303,Seattle,WA,98199,425000,2,2.0,Magnolia,1010,,1969,4,421,565,Active,,,https://www.redfin.com/WA/Seattle/2562-Thorndyke-Ave-W-98199/unit-303/home/17213,NWMLS as Distributed by MLS Grid,2501341,N,Y,47.642691,-122.3842587
MLS Listing,,Single Family Residential,6746 41st Ave SW,Seattle,WA,98136,1995000,3,3.0,Gatewood,2500,10910,1924,4,798,,Active,,,https://www.redfin.com/WA/Seattle/6746-41st-Ave-SW-98136/home/470064,NWMLS as Distributed by MLS Grid,2501338,N,Y,47.5416002,-122.3842114
MLS Listing,,Single Family Residential,823 NE 58th St,Seattle,WA,98105,965000,3,2.0,Green Lake,1820,3570,1926,4,530,,Active,,,https://www.redfin.com/WA/Seattle/823-NE-58th-St-98105/home/311634,NWMLS as Distributed by MLS Grid,2497666,N,Y,47.670572,-122.3190704
MLS Listing,,Condo/Co-op,583 Battery St Unit 507N,Seattle,WA,98121,569000,1,1.0,Denny Triangle,949,,2016,4,600,1085,Active,,,https://www.redfin.com/WA/Seattle/583-Battery-St-98121/unit-507N/home/74336092,NWMLS as Distributed by MLS Grid,2501518,N,Y,47.6170456,-122.3436082
MLS Listing,,Condo/Co-op,945 NW 61st St,Seattle,WA,98107,729000,2,2.0,Ballard,1209,627,2026,4,603,74,Active,,,https://www.redfin.com/WA/Seattle/945-NW-61st-St-98107/home/200353808,NWMLS as Distributed by MLS Grid,2501852,N,Y,47.6728899,-122.3707578
MLS Listing,,Single Family Residential,3439 24th Ave W,Seattle,WA,98199,1375000,3,2.0,Magnolia,2240,4325,1964,4,614,,Active,,,https://www.redfin.com/WA/Seattle/3439-24th-Ave-W-98199/home/123802,NWMLS as Distributed by MLS Grid,2500754,N,Y,47.6514682,-122.387835
MLS Listing,,Townhouse,1127 B 10th Ave E,Seattle,WA,98102,999950,3,2.0,Capitol Hill,1641,673,2026,4,609,1,Active,,,https://www.redfin.com/WA/Seattle/1127-10th-Ave-E-98102/home/199462843,NWMLS as Distributed by MLS Grid,2501730,N,Y,47.6295268,-122.3205399
MLS Listing,,Single Family Residential,7737 12th Ave SW,Seattle,WA,98106,825000,4,2.0,Highland Park,2040,4020,1989,4,404,,Active,,,https://www.redfin.com/WA/Seattle/7737-12th-Ave-SW-98106/home/474490,NWMLS as Distributed by MLS Grid,2499787,N,Y,47.5329356,-122.3509158
MLS Listing,,Condo/Co-op,2621 2nd Ave #1601,Seattle,WA,98121,615000,2,2.0,Belltown,1140,,1980,4,539,1255,Active,,,https://www.redfin.com/WA/Seattle/2621-2nd-Ave-98121/unit-1601/home/6815,NWMLS as Distributed by MLS Grid,2501796,N,Y,47.6161181,-122.3497603
MLS Listing,,Condo/Co-op,215 20th Ave E #105,Seattle,WA,98112,519000,1,1.0,Capitol Hill,831,,1999,4,625,653,Active,,,https://www.redfin.com/WA/Seattle/215-20th-Ave-E-98112/unit-105/home/41067,NWMLS as Distributed by MLS Grid,2501294,N,Y,47.6201392,-122.3063648
MLS Listing,,Single Family Residential,9612 15th Ave NW,Seattle,WA,98117,975000,2,1.5,Crown Hill,1540,8811,1955,4,633,,Active,,,https://www.redfin.com/WA/Seattle/9612-15th-Ave-NW-98117/home/97334,NWMLS as Distributed by MLS Grid,2497190,N,Y,47.6994196,-122.3763802
MLS Listing,,Single Family Residential,6352 24th Ave SW,Seattle,WA,98106,774950,5,3.0,West Seattle,1800,5000,1996,4,431,,Active,,,https://www.redfin.com/WA/Seattle/6352-24th-Ave-SW-98106/home/159626,NWMLS as Distributed by MLS Grid,2501138,N,Y,47.54513,-122.3637128
MLS Listing,,Townhouse,7433 A 4th Ave NE,Seattle,WA,98115,915000,2,2.0,Green Lake,1240,846,2018,4,738,99,Active,,,https://www.redfin.com/WA/Seattle/7433-4th-Ave-NE-98115/home/306751,NWMLS as Distributed by MLS Grid,2501487,N,Y,47.6826102,-122.325181
MLS Listing,,Condo/Co-op,2201 3rd Ave #2106,Seattle,WA,98121,459000,2,2.0,Belltown,853,,1979,4,538,1069,Active,,,https://www.redfin.com/WA/Seattle/2201-3rd-Ave-98121/unit-2106/home/39128,NWMLS as Distributed by MLS Grid,2501757,N,Y,47.613898,-122.344043
MLS Listing,,Single Family Residential,2708 NE 98th St,Seattle,WA,98115,1398875,5,2.5,Wedgwood,3100,9152,2001,4,451,,Active,,,https://www.redfin.com/WA/Seattle/2708-NE-98th-St-98115/home/113836,NWMLS as Distributed by MLS Grid,2501604,N,Y,47.7004134,-122.2984043
MLS Listing,,Single Family Residential,950 86th St N,Seattle,WA,98103,1088000,5,2.5,Greenwood,2416,5100,1911,4,450,,Active,,,https://www.redfin.com/WA/Seattle/950-N-86th-St-98103/home/99110,NWMLS as Distributed by MLS Grid,2500994,N,Y,47.6914886,-122.3452195
MLS Listing,,Single Family Residential,8016 17th Ave NE,Seattle,WA,98115,1350000,4,3.0,Ravenna,2322,4305,1918,4,581,,Active,,,https://www.redfin.com/WA/Seattle/8016-17th-Ave-NE-98115/home/309435,NWMLS as Distributed by MLS Grid,2501482,N,Y,47.6872167,-122.3097073
MLS Listing,,Condo/Co-op,2100 3rd Ave #1502,Seattle,WA,98121,510625,2,2.0,Belltown,1323,,1973,4,386,1424,Active,,,https://www.redfin.com/WA/Seattle/2100-3rd-Ave-98121/unit-1502/home/57394,NWMLS as Distributed by MLS Grid,2501450,N,Y,47.6134959,-122.3422742
MLS Listing,,Single Family Residential,132 NW 143rd St,Seattle,WA,98177,850000,4,2.0,Broadview,2070,6075,1948,4,411,,Active,,,https://www.redfin.com/WA/Seattle/132-NW-143rd-St-98177/home/96050,NWMLS as Distributed by MLS Grid,2500341,N,Y,47.7325372,-122.3591986
MLS Listing,,Condo/Co-op,11242 Evanston Ave N Unit B,Seattle,WA,98133,724950,2,1.5,Broadview,1000,2915,2025,4,725,4,Active,,,https://www.redfin.com/WA/Seattle/11242-Evanston-Ave-N-98133/unit-B/home/195903704,NWMLS as Distributed by MLS Grid,2499539,N,Y,47.7117772,-122.3512767
MLS Listing,,Condo/Co-op,211 Summit Ave E Unit S114,Seattle,WA,98102,365000,1,1.0,Capitol Hill,557,38429,1984,4,655,659,Active,April-10-2026 04:00 PM,April-10-2026 06:00 PM,https://www.redfin.com/WA/Seattle/211-Summit-Ave-E-98102/unit-S114/home/52104,NWMLS as Distributed by MLS Grid,2499814,N,Y,47.6200609,-122.3258482
MLS Listing,,Condo/Co-op,10903 Glen Acres Dr S Unit A,Seattle,WA,98168,329000,2,2.0,Glen Acres,1445,,1967,4,228,1241,Active,,,https://www.redfin.com/WA/Seattle/10903-Glen-Acres-Dr-S-98168/unit-A/home/366,NWMLS as Distributed by MLS Grid,2501380,N,Y,47.5057908,-122.3217698
MLS Listing,,Vacant Land,38 XX Boyd Pl SW,Seattle,WA,98116,300000,,,Beach Drive,,21670,,4,,,Active,,,https://www.redfin.com/WA/Seattle/38-XX-Boyd-Pl-SW-98116/home/201103110,NWMLS as Distributed by MLS Grid,2499708,N,Y,47.568703,-122.406628
MLS Listing,,Single Family Residential,4234 NE 89th St,Seattle,WA,98115,1250000,3,3.5,Wedgwood,2560,8085,1968,4,488,,Active,,,https://www.redfin.com/WA/Seattle/4234-NE-89th-St-98115/home/315971,NWMLS as Distributed by MLS Grid,2500930,N,Y,47.6932442,-122.2811323
MLS Listing,,Condo/Co-op,3045 20th Ave W #303,Seattle,WA,98199,285000,1,1.0,Magnolia,560,12002,1988,4,509,551,Active,,,https://www.redfin.com/WA/Seattle/3045-20th-Ave-W-98199/unit-303/home/12304526,NWMLS as Distributed by MLS Grid,2500177,N,Y,47.6479122,-122.3824535
MLS Listing,,Condo/Co-op,2720 3rd Ave #603,Seattle,WA,98121,399950,1,1.0,Belltown,585,,2008,4,684,653,Active,,,https://www.redfin.com/WA/Seattle/2720-3rd-Ave-98121/unit-603/home/12538123,NWMLS as Distributed by MLS Grid,2501096,N,Y,47.6176461,-122.3494532
MLS Listing,,Condo/Co-op,1310 E Union St #202,Seattle,WA,98122,899000,1,1.0,Capitol Hill,1479,,2001,4,608,1744,Active,,,https://www.redfin.com/WA/Seattle/1310-E-Union-St-98122/unit-202/home/13703,NWMLS as Distributed by MLS Grid,2501550,N,Y,47.6131424,-122.3149229
MLS Listing,,Single Family Residential,8418 Island Dr S,Seattle,WA,98118,2795000,3,2.5,Seattle,2763,13974,1989,4,1012,,Active,,,https://www.redfin.com/WA/Seattle/8418-Island-Dr-S-98118/home/489737,NWMLS as Distributed by MLS Grid,2500508,N,Y,47.5282281,-122.2607813
MLS Listing,,Single Family Residential,1116 6th Ave N,Seattle,WA,98109,1749990,4,4.0,Queen Anne,2829,3144,1924,4,619,,Active,April-9-2026 04:00 PM,April-9-2026 06:00 PM,https://www.redfin.com/WA/Seattle/1116-6th-Ave-N-98109/home/131717,NWMLS as Distributed by MLS Grid,2501217,N,Y,47.6295067,-122.3446487
MLS Listing,,Single Family Residential,306 NW 45th St,Seattle,WA,98107,1199000,4,2.5,Fremont,2287,1856,1928,4,524,22,Active,,,https://www.redfin.com/WA/Seattle/306-NW-45th-St-98107/home/303505,NWMLS as Distributed by MLS Grid,2500144,N,Y,47.6616357,-122.3611783
MLS Listing,,Single Family Residential,3925 S Americus St,Seattle,WA,98118,699000,3,2.0,Columbia City,2420,4290,1927,4,289,,Active,,,https://www.redfin.com/WA/Seattle/3925-S-Americus-St-98118/home/492503,NWMLS as Distributed by MLS Grid,2499904,N,Y,47.5600205,-122.2823445
MLS Listing,,Townhouse,1406 21st Ave Unit A,Seattle,WA,98122,699000,2,2.0,Capitol Hill,1345,654,2022,4,520,,Active,,,https://www.redfin.com/WA/Seattle/1406-21st-Ave-98122/unit-A/home/178439455,NWMLS as Distributed by MLS Grid,2501389,N,Y,47.6132635,-122.3044107
MLS Listing,,Townhouse,10319 Midvale Ave N Unit A,Seattle,WA,98133,575000,2,2.5,Northgate,1320,1030,1996,4,436,,Active,,,https://www.redfin.com/WA/Seattle/10319-Midvale-Ave-N-98133/unit-A/home/105405,NWMLS as Distributed by MLS Grid,2500356,N,Y,47.7039317,-122.3437862
MLS Listing,,Condo/Co-op,5440 Leary Ave NW #332,Seattle,WA,98107,390000,1,1.0,Ballard,690,,2007,4,565,520,Active,,,https://www.redfin.com/WA/Seattle/5440-Leary-Ave-NW-98107/unit-332/home/18657703,NWMLS as Distributed by MLS Grid,2499844,N,Y,47.6676476,-122.3828727
MLS Listing,,Condo/Co-op,500 W 5th Ave #306,Seattle,WA,98119,325000,1,1.0,Queen Anne,657,,1968,4,495,628,Active,,,https://www.redfin.com/WA/Seattle/500-5th-Ave-W-98119/unit-306/home/12537897,NWMLS as Distributed by MLS Grid,2501442,N,Y,47.6236113,-122.362813
MLS Listing,,Townhouse,3835 25th Ave W,Seattle,WA,98199,825000,3,2.5,Magnolia,1666,,1987,4,495,768,Active,,,https://www.redfin.com/WA/Seattle/3835-25th-Ave-W-98199/home/179702973,NWMLS as Distributed by MLS Grid,2501434,N,Y,47.655142,-122.3890692
MLS Listing,,Townhouse,12322 14TH Ave NE Unit B,Seattle,WA,98125,799950,3,3.0,Pinehurst,1540,951,2024,4,519,,Active,,,https://www.redfin.com/WA/Seattle/12322-14th-Ave-NE-98125/unit-B/home/187463544,NWMLS as Distributed by MLS Grid,2501430,N,Y,47.718288,-122.3136344
MLS Listing,,Condo/Co-op,311 E Republican St #602,Seattle,WA,98102,849000,3,2.0,Capitol Hill,1716,,2003,4,495,1524,Active,,,https://www.redfin.com/WA/Seattle/311-E-Republican-St-98102/unit-602/home/38421,NWMLS as Distributed by MLS Grid,2500774,N,Y,47.6229833,-122.3275217
MLS Listing,,Townhouse,1507 E Union St Unit A,Seattle,WA,98122,865000,3,3.0,Capitol Hill,1346,998,2005,4,643,,Active,,,https://www.redfin.com/WA/Seattle/1507-E-Union-St-98122/unit-A/home/2091141,NWMLS as Distributed by MLS Grid,2496464,N,Y,47.6127365,-122.3122674
MLS Listing,,Single Family Residential,1220 SW Webster St,Seattle,WA,98106,799999,4,3.0,Highland Park,2060,8184,1962,4,388,,Active,,,https://www.redfin.com/WA/Seattle/1220-SW-Webster-St-98106/home/161370,NWMLS as Distributed by MLS Grid,2501588,N,Y,47.5357104,-122.3514958
MLS Listing,,Condo/Co-op,4343 Roosevelt Way NE #401,Seattle,WA,98105,575000,2,2.0,University District,1034,,1996,4,556,794,Active,,,https://www.redfin.com/WA/Seattle/4343-Roosevelt-Way-NE-98105/unit-401/home/32110,NWMLS as Distributed by MLS Grid,2500823,N,Y,47.6606289,-122.3180337
MLS Listing,,Condo/Co-op,7511 41st Ave NE,Seattle,WA,98115,2161000,5,4.0,View Ridge,3489,5007,1926,4,619,21,Active,,,https://www.redfin.com/WA/Seattle/7511-41st-Ave-NE-98115/home/200562675,NWMLS as Distributed by MLS Grid,2501519,N,Y,47.6834524,-122.2845081
MLS Listing,,Condo/Co-op,3217 Eastlake Ave E #210,Seattle,WA,98102,529000,1,2.0,Eastlake,1025,,2004,4,516,528,Active,,,https://www.redfin.com/WA/Seattle/3217-Eastlake-Ave-E-98102/unit-210/home/24630,NWMLS as Distributed by MLS Grid,2496411,N,Y,47.6511936,-122.3219159
MLS Listing,,Townhouse,109 22nd Ave E Unit F,Seattle,WA,98112,700000,2,2.0,Capitol Hill,1040,656,2020,4,673,,Active,,,https://www.redfin.com/WA/Seattle/109-22nd-Ave-E-98112/unit-F/home/173688925,NWMLS as Distributed by MLS Grid,2501476,N,Y,47.6187895,-122.3040922
MLS Listing,,Condo/Co-op,412 11th Ave #209,Seattle,WA,98122,275000,0,1.0,First Hill,505,,2002,4,545,427,Active,,,https://www.redfin.com/WA/Seattle/412-11th-Ave-98122/unit-209/home/12093642,NWMLS as Distributed by MLS Grid,2501175,N,Y,47.6058623,-122.3177191
MLS Listing,,Single Family Residential,6014 31st Ave S,Seattle,WA,98108,899950,3,3.0,Beacon Hill,1840,5814,1953,4,489,,Active,,,https://www.redfin.com/WA/Seattle/6014-31st-Ave-S-98108/home/478776,NWMLS as Distributed by MLS Grid,2501072,N,Y,47.5475197,-122.2923564
MLS Listing,,Condo/Co-op,1758 Dexter Ave N #4,Seattle,WA,98109,629950,2,1.0,Lake Union,1144,,1962,4,551,693,Active,,,https://www.redfin.com/WA/Seattle/1758-Dexter-Ave-N-98109/unit-4/home/45190,NWMLS as Distributed by MLS Grid,2500772,N,Y,47.6358016,-122.3420168
MLS Listing,,Single Family Residential,6841 19th Ave NE,Seattle,WA,98115,939000,3,2.0,Ravenna,1790,3468,1908,4,525,,Active,,,https://www.redfin.com/WA/Seattle/6841-19th-Ave-NE-98115/home/310139,NWMLS as Distributed by MLS Grid,2478219,N,Y,47.6788247,-122.3080566
MLS Listing,,Single Family Residential,5920 S 118th St,Seattle,WA,98178,568000,3,2.0,Skyway,1120,5719,1943,4,507,,Active,,,https://www.redfin.com/WA/Seattle/5920-S-118th-St-98178/home/196152,NWMLS as Distributed by MLS Grid,2501488,N,Y,47.4976369,-122.2585109
MLS Listing,,Townhouse,3216 47th Ave SW,Seattle,WA,98116,699000,2,2.5,Admiral,1080,736,2026,4,647,75,Active,,,https://www.redfin.com/WA/Seattle/3216-47th-Ave-SW-98116/home/201101320,NWMLS as Distributed by MLS Grid,2499729,N,Y,47.5751661,-122.3917729
MLS Listing,,Single Family Residential,5519 12th Ave NE,Seattle,WA,98105,749000,4,1.5,University District,2100,4000,1907,4,357,,Active,,,https://www.redfin.com/WA/Seattle/5519-12th-Ave-NE-98105/home/311599,NWMLS as Distributed by MLS Grid,2500740,N,Y,47.6691744,-122.31546
MLS Listing,,Single Family Residential,757 N 65th St,Seattle,WA,98103,975000,3,2.0,Phinney Ridge,1630,5000,1953,4,598,,Active,,,https://www.redfin.com/WA/Seattle/757-N-65th-St-98103/home/299671,NWMLS as Distributed by MLS Grid,2500531,N,Y,47.6758593,-122.3489767
MLS Listing,,Single Family Residential,1910 NW 97th St,Seattle,WA,98117,1150000,3,2.0,North Beach,2140,6500,1938,4,537,,Active,,,https://www.redfin.com/WA/Seattle/1910-NW-97th-St-98117/home/289758,NWMLS as Distributed by MLS Grid,2500618,N,Y,47.6999584,-122.3813448
MLS Listing,,Condo/Co-op,2349 Harbor Ave SW #701,Seattle,WA,98126,798000,2,2.0,Alki,1414,309111,1990,4,564,910,Active,,,https://www.redfin.com/WA/Seattle/2349-Harbor-Ave-SW-98126/unit-701/home/72768,NWMLS as Distributed by MLS Grid,2500418,N,Y,47.5809409,-122.3744162
MLS Listing,,Single Family Residential,13504 15th Pl NE,Seattle,WA,98125,925000,4,3.0,Olympic Hills,1779,6230,1953,4,520,,Active,,,https://www.redfin.com/WA/Seattle/13504-15th-Pl-NE-98125/home/114385,NWMLS as Distributed by MLS Grid,2499422,N,Y,47.7268276,-122.3116931
MLS Listing,,Single Family Residential,6010 49th Ave SW,Seattle,WA,98136,1395000,4,3.0,Seaview,2468,4772,1924,4,565,73,Active,,,https://www.redfin.com/WA/Seattle/6010-49th-Ave-SW-98136/home/154083,NWMLS as Distributed by MLS Grid,2499355,N,Y,47.5482303,-122.3948045
MLS Listing,,Condo/Co-op,8501 12th Ave NW #107,Seattle,WA,98117,499999,2,2.0,Crown Hill,1045,,1980,4,478,477,Active,,,https://www.redfin.com/WA/Seattle/8501-12th-Ave-NW-98117/unit-107/home/22517,NWMLS as Distributed by MLS Grid,2494521,N,Y,47.6909644,-122.371777
MLS Listing,,Condo/Co-op,800 Columbia St #1003,Seattle,WA,98104,425000,1,1.0,First Hill,538,,2023,4,790,566,Active,,,https://www.redfin.com/WA/Seattle/800-Columbia-St-98104/unit-1003/home/192265409,NWMLS as Distributed by MLS Grid,2497735,N,Y,47.6069389,-122.327108
MLS Listing,,Condo/Co-op,411 B NE 80th St,Seattle,WA,98115,595000,1,1.0,Maple Leaf,748,,2019,4,795,,Active,,,https://www.redfin.com/WA/Seattle/411-NE-80th-St-98115/home/170149504,NWMLS as Distributed by MLS Grid,2500968,N,Y,47.6868017,-122.3237617
MLS Listing,,Single Family Residential,10850 Marine View Dr SW,Seattle,WA,98146,1200000,4,2.0,Marine View,2810,10350,1948,4,427,,Active,,,https://www.redfin.com/WA/Seattle/10850-Marine-View-Dr-SW-98146/home/157785,NWMLS as Distributed by MLS Grid,2499504,N,Y,47.5052297,-122.380121
MLS Listing,,Single Family Residential,11545 34th Ave NE,Seattle,WA,98125,739000,3,1.0,Meadowbrook,1060,7255,1950,4,697,,Active,,,https://www.redfin.com/WA/Seattle/11545-34th-Ave-NE-98125/home/111475,NWMLS as Distributed by MLS Grid,2495104,N,Y,47.7131594,-122.2914606
MLS Listing,,Condo/Co-op,8856 32ND Ave SW Unit A,Seattle,WA,98126,880000,3,2.0,Westwood,2480,7741,1923,4,355,1,Active,,,https://www.redfin.com/WA/Seattle/8856-32nd-Ave-SW-98126/unit-A/home/192273727,NWMLS as Distributed by MLS Grid,2499961,N,Y,47.5230276,-122.373747
MLS Listing,,Single Family Residential,5720 37th Ave S,Seattle,WA,98118,569900,2,1.0,Columbia City,740,5500,1952,4,770,,Active,,,https://www.redfin.com/WA/Seattle/5720-37th-Ave-S-98118/home/173204,NWMLS as Distributed by MLS Grid,2500078,N,Y,47.5505916,-122.286015
MLS Listing,,Single Family Residential,11544 24th Ave NE,Seattle,WA,98125,1050000,5,2.0,Pinehurst,2360,8040,1957,4,445,,Active,,,https://www.redfin.com/WA/Seattle/11544-24th-Ave-NE-98125/home/116282,NWMLS as Distributed by MLS Grid,2499480,N,Y,47.7134,-122.3028265
MLS Listing,,Single Family Residential,2647 Cascadia Ave S,Seattle,WA,98144,3495000,6,4.5,Mt Baker,6140,8050,1913,4,569,,Active,,,https://www.redfin.com/WA/Seattle/2647-Cascadia-Ave-S-98144/home/488632,NWMLS as Distributed by MLS Grid,2500848,N,Y,47.5790197,-122.2858981
MLS Listing,,Condo/Co-op,2350 10th Ave E #111,Seattle,WA,98102,550000,2,2.0,North Capitol Hill,852,,1985,4,646,609,Active,,,https://www.redfin.com/WA/Seattle/2350-10th-Ave-E-98102/unit-111/home/30953,NWMLS as Distributed by MLS Grid,2496830,N,Y,47.6408858,-122.3196937
MLS Listing,,Single Family Residential,2556 10th Ave W,Seattle,WA,98119,1450000,4,2.0,Queen Anne,1960,2400,1911,4,740,,Active,,,https://www.redfin.com/WA/Seattle/2556-10th-Ave-W-98119/home/129361,NWMLS as Distributed by MLS Grid,2496414,N,Y,47.642269,-122.3698276
MLS Listing,,Townhouse,6320 41st Ave SW Unit B,Seattle,WA,98136,767000,3,2.0,Seaview,1370,653,2022,4,560,,Active,,,https://www.redfin.com/WA/Seattle/6320-41st-Ave-SW-98136/unit-B/home/181295552,NWMLS as Distributed by MLS Grid,2496150,N,Y,47.5459589,-122.3842499
MLS Listing,,Single Family Residential,7710 32nd Ave NE,Seattle,WA,98115,1399000,3,2.0,Wedgwood,2330,6120,1939,4,600,,Active,,,https://www.redfin.com/WA/Seattle/7710-32nd-Ave-NE-98115/home/315502,NWMLS as Distributed by MLS Grid,2499934,N,Y,47.6852887,-122.2934766
MLS Listing,,Single Family Residential,622 NW 75th St,Seattle,WA,98117,899950,3,2.0,Whittier,1440,2575,2004,4,625,,Active,,,https://www.redfin.com/WA/Seattle/622-NW-75th-St-98117/home/496434,NWMLS as Distributed by MLS Grid,2495038,N,Y,47.6834953,-122.3644345
MLS Listing,,Single Family Residential,7756 58th Ave NE,Seattle,WA,98115,2295000,4,4.0,View Ridge,3716,5398,1987,4,618,,Active,,,https://www.redfin.com/WA/Seattle/7756-58th-Ave-NE-98115/home/321386,NWMLS as Distributed by MLS Grid,2500694,N,Y,47.6865053,-122.2661712
MLS Listing,,Single Family Residential,8049 44th Ave NE,Seattle,WA,98115,1598000,5,3.5,Wedgwood,2570,6534,2014,4,622,,Active,,,https://www.redfin.com/WA/Seattle/8049-44th-Ave-NE-98115/home/315010,NWMLS as Distributed by MLS Grid,2501050,N,Y,47.6880447,-122.2814862
MLS Listing,,Condo/Co-op,583 Battery St Unit 715N,Seattle,WA,98121,870000,1,1.5,Belltown,1294,,2016,5,672,1599,Active,,,https://www.redfin.com/WA/Seattle/583-Battery-St-98121/unit-715N/home/74207539,NWMLS as Distributed by MLS Grid,2501483,N,Y,47.6170456,-122.3436082
MLS Listing,,Condo/Co-op,2510 6th Ave #3705,Seattle,WA,98121,1389000,2,2.0,Denny Triangle,1114,,2021,5,1247,1179,Active,,,https://www.redfin.com/WA/Seattle/2510-6th-Ave-98121/unit-3705/home/179597451,NWMLS as Distributed by MLS Grid,2501024,N,Y,47.6184194,-122.3444346
MLS Listing,,Single Family Residential,901 11th Ave E,Seattle,WA,98102,1950000,3,3.5,Capitol Hill,3150,4200,1921,5,619,,Active,,,https://www.redfin.com/WA/Seattle/901-11th-Ave-E-98102/home/136814,NWMLS as Distributed by MLS Grid,2499548,N,Y,47.6269524,-122.3183811
MLS Listing,,Condo/Co-op,1810 43rd Ave E #301,Seattle,WA,98112,354000,0,1.0,Madison Park,327,,1964,5,1083,532,Active,,,https://www.redfin.com/WA/Seattle/1810-43rd-Ave-E-98112/unit-301/home/70206,NWMLS as Distributed by MLS Grid,2499434,N,Y,47.6347421,-122.2763204
MLS Listing,,Condo/Co-op,2360 43rd Ave E #404,Seattle,WA,98112,649000,2,2.0,Madison Park,1025,,1966,5,633,1140,Active,,,https://www.redfin.com/WA/Seattle/2360-43rd-Ave-E-98112/unit-404/home/69804,NWMLS as Distributed by MLS Grid,2501431,N,Y,47.6406996,-122.2761271
MLS Listing,,Condo/Co-op,3051 Alki Ave SW Unit C,Seattle,WA,98116,1299000,2,2.0,Alki,1176,,1985,5,1105,825,Active,,,https://www.redfin.com/WA/Seattle/3051-Alki-Ave-SW-98116/unit-C/home/146979766,NWMLS as Distributed by MLS Grid,2499913,N,Y,47.5773166,-122.4178259
MLS Listing,,Condo/Co-op,2414 1st Ave #413,Seattle,WA,98121,450000,1,1.0,Belltown,536,,1994,5,840,648,Active,,,https://www.redfin.com/WA/Seattle/2414-1st-Ave-98121/unit-413/home/14694,NWMLS as Distributed by MLS Grid,2499592,N,Y,47.6145416,-122.3481773
MLS Listing,,Condo/Co-op,1414 12th Ave #411,Seattle,WA,98122,449950,1,1.0,Capitol Hill,725,,2007,5,621,652,Active,,,https://www.redfin.com/WA/Seattle/1414-12th-Ave-98122/unit-411/home/17382128,NWMLS as Distributed by MLS Grid,2500924,N,Y,47.613595,-122.316422
MLS Listing,,Single Family Residential,5208 S Willow St,Seattle,WA,98118,1225000,3,3.5,Seward Park,3370,6003,1993,5,364,,Active,,,https://www.redfin.com/WA/Seattle/5208-S-Willow-St-98118/home/492558,NWMLS as Distributed by MLS Grid,2500987,N,Y,47.5410355,-122.2666041
MLS Listing,,Single Family Residential,520 36th Ave E,Seattle,WA,98112,4250000,3,3.5,Washington Park,4720,14612,1923,5,900,,Active,,,https://www.redfin.com/WA/Seattle/520-36th-Ave-E-98112/home/140106,NWMLS as Distributed by MLS Grid,2500660,N,Y,47.624039,-122.2862893
MLS Listing,,Single Family Residential,2407 11th Ave E,Seattle,WA,98102,2065000,5,3.5,North Capitol Hill,3430,4500,1924,5,602,,Active,,,https://www.redfin.com/WA/Seattle/2407-11th-Ave-E-98102/home/136479,NWMLS as Distributed by MLS Grid,2501002,N,Y,47.6416812,-122.3182563
MLS Listing,,Single Family Residential,2755 NW 90th St,Seattle,WA,98117,889999,3,2.0,North Beach,1100,2290,2026,5,809,12,Active,,,https://www.redfin.com/WA/Seattle/2755-NW-90th-St-98117/home/201089761,NWMLS as Distributed by MLS Grid,2499828,N,Y,47.6940144,-122.3924196
MLS Listing,,Condo/Co-op,1556 S Pearl St Unit C,Seattle,WA,98108,850000,2,2.5,Beacon Hill,1572,1000,2026,5,541,245,Active,,,https://www.redfin.com/WA/Seattle/1556-S-Pearl-St-98108/unit-C/home/201089690,NWMLS as Distributed by MLS Grid,2499811,N,Y,47.5569163,-122.3110631
MLS Listing,,Condo/Co-op,111 NW 140th St,Seattle,WA,98177,799000,3,1.0,Broadview,1332,4641,1949,5,600,4,Active,,,https://www.redfin.com/WA/Seattle/111-NW-140th-St-98177/home/96895,NWMLS as Distributed by MLS Grid,2501351,N,Y,47.7303403,-122.3592394
MLS Listing,,Single Family Residential,1546 Sturgus Ave S,Seattle,WA,98144,897000,3,3.5,N Beacon Hill,4080,1674,2017,5,220,,Active,,,https://www.redfin.com/WA/Seattle/1546-Sturgus-Ave-S-98144/home/22392812,NWMLS as Distributed by MLS Grid,2501236,N,Y,47.5887149,-122.3113693
MLS Listing,,Single Family Residential,1318 Lakeside Ave S,Seattle,WA,98144,6500000,4,4.5,Leschi,4229,20052,2006,5,1537,,Active,,,https://www.redfin.com/WA/Seattle/1318-Lakeside-Ave-S-98144/home/140388,NWMLS as Distributed by MLS Grid,2499555,N,Y,47.591658,-122.286957
MLS Listing,,Condo/Co-op,321 10th Ave S #604,Seattle,WA,98104,250000,1,1.0,International District,694,,2000,5,360,806,Active,,,https://www.redfin.com/WA/Seattle/321-10th-Ave-S-98104/unit-604/home/42896,NWMLS as Distributed by MLS Grid,2501261,N,Y,47.5994192,-122.3197974
MLS Listing,,Single Family Residential,1204 17th Ave E,Seattle,WA,98112,1275000,3,2.5,North Capitol Hill,2800,3200,1905,5,455,,Active,,,https://www.redfin.com/WA/Seattle/1204-17th-Ave-E-98112/home/136160,NWMLS as Distributed by MLS Grid,2499496,N,Y,47.6308929,-122.3096094
MLS Listing,,Single Family Residential,2332 45th Ave SW,Seattle,WA,98116,1150000,3,2.0,North Admiral,2110,6250,1921,5,545,,Active,,,https://www.redfin.com/WA/Seattle/2332-45th-Ave-SW-98116/home/331308,NWMLS as Distributed by MLS Grid,2499171,N,Y,47.5820249,-122.3888853
MLS Listing,,Townhouse,4037 7th Ave NE Unit A,Seattle,WA,98105,585000,2,2.5,University District,1170,1162,2008,5,500,,Active,,,https://www.redfin.com/WA/Seattle/4037-7th-Ave-NE-98105/unit-A/home/2061977,NWMLS as Distributed by MLS Grid,2496027,N,Y,47.6567619,-122.3212445
MLS Listing,,Single Family Residential,3226 S Edmunds St,Seattle,WA,98118,1099000,4,2.0,Columbia City,2720,6358,1912,5,404,,Active,,,https://www.redfin.com/WA/Seattle/3226-S-Edmunds-St-98118/home/172492,NWMLS as Distributed by MLS Grid,2500885,N,Y,47.5588473,-122.2903651
MLS Listing,,Single Family Residential,616 25th Ave E,Seattle,WA,98112,3250000,4,3.5,Arboretum,3650,4197,2017,5,890,,Active,,,https://www.redfin.com/WA/Seattle/616-25th-Ave-E-98112/home/147510,NWMLS as Distributed by MLS Grid,2476477,N,Y,47.6249156,-122.2995571
MLS Listing,,Single Family Residential,9432 13th Ave SW,Seattle,WA,98106,830000,3,2.5,Highland Park,2128,6448,1962,5,390,,Active,,,https://www.redfin.com/WA/Seattle/9432-13th-Ave-SW-98106/home/475684,NWMLS as Distributed by MLS Grid,2500153,N,Y,47.5181855,-122.3514628
MLS Listing,,Townhouse,3120 Queen Anne Ave N,Seattle,WA,98109,999950,3,3.5,Queen Anne,1605,828,2026,5,623,,Active,,,https://www.redfin.com/WA/Seattle/3120-Queen-Anne-Ave-N-98109/home/201088839,NWMLS as Distributed by MLS Grid,2500328,N,Y,47.6484325,-122.3574232
MLS Listing,,Single Family Residential,13716 30 Ave NE Unit B,Seattle,WA,98125,895000,3,3.0,Lake City,1760,1836,2023,5,509,,Active,,,https://www.redfin.com/WA/Seattle/13716-30th-Ave-NE-98125/unit-B/home/22639049,NWMLS as Distributed by MLS Grid,2499887,N,Y,47.7283817,-122.2954978
MLS Listing,,Vacant Land,10616 8 Ave S,Seattle,WA,98168,694000,,,Glen Acres,,19500,,5,,,Active,,,https://www.redfin.com/WA/Seattle/10616-8th-Ave-S-98168/home/22462164,NWMLS as Distributed by MLS Grid,2501134,N,Y,47.508017,-122.3227475
MLS Listing,,Condo/Co-op,1035 NE 100th St,Seattle,WA,98125,899950,4,2.0,Maple Leaf,1796,5093,1939,5,501,54,Active,,,https://www.redfin.com/WA/Seattle/1035-NE-100th-St-98125/home/109985,NWMLS as Distributed by MLS Grid,2497479,N,Y,47.7010702,-122.3163569
MLS Listing,,Townhouse,8733 13th Ave NW Unit C,Seattle,WA,98117,659950,2,2.5,Crown Hill,1100,1470,2025,5,600,55,Active,,,https://www.redfin.com/WA/Seattle/8733-13th-Ave-NW-98117/unit-C/home/196537379,NWMLS as Distributed by MLS Grid,2501047,N,Y,47.6933733,-122.3731226
MLS Listing,,Condo/Co-op,424 N 85th St #317,Seattle,WA,98103,540000,2,2.0,Greenwood,1023,,2006,5,528,583,Active,,,https://www.redfin.com/WA/Seattle/424-N-85th-St-98103/unit-317/home/22695430,NWMLS as Distributed by MLS Grid,2499361,N,Y,47.6910854,-122.352891
MLS Listing,,Condo/Co-op,2415 2nd Ave #432,Seattle,WA,98121,425000,1,1.0,Belltown,627,,1994,5,678,767,Active,,,https://www.redfin.com/WA/Seattle/2415-2nd-Ave-98121/unit-432/home/13309,NWMLS as Distributed by MLS Grid,2499813,N,Y,47.614602,-122.347994
MLS Listing,,Condo/Co-op,1603 SW Kenyon St Unit B,Seattle,WA,98106,628000,2,2.5,Highland Park,1088,1240,2025,5,577,80,Active,,,https://www.redfin.com/WA/Seattle/1603-SW-Kenyon-St-98106/unit-B/home/201088209,NWMLS as Distributed by MLS Grid,2501048,N,Y,47.5318706,-122.3550902
MLS Listing,,Condo/Co-op,5450 Leary Ave NW #242,Seattle,WA,98107,374997,1,1.0,Ballard,531,,2007,5,706,420,Active,,,https://www.redfin.com/WA/Seattle/5450-Leary-Ave-NW-98107/unit-242/home/17383251,NWMLS as Distributed by MLS Grid,2500908,N,Y,47.668031,-122.383096
MLS Listing,,Condo/Co-op,1626 39th Ave E,Seattle,WA,98112,999900,3,1.0,Madison Park,1880,2062,1906,5,532,4,Active,,,https://www.redfin.com/WA/Seattle/1626-39th-Ave-E-98112/home/179862226,NWMLS as Distributed by MLS Grid,2500982,N,Y,47.6342583,-122.2823637
MLS Listing,,Single Family Residential,7221 4th Ave NW,Seattle,WA,98117,996000,3,1.0,Phinney Ridge,2110,3330,1918,5,472,,Active,,,https://www.redfin.com/WA/Seattle/7221-4th-Ave-NW-98117/home/495770,NWMLS as Distributed by MLS Grid,2467478,N,Y,47.6813953,-122.3617588
MLS Listing,,Townhouse,3310 W Government Way Unit A,Seattle,WA,98199,875000,3,2.0,Magnolia,1473,1212,2020,5,594,,Active,,,https://www.redfin.com/WA/Seattle/3310-W-Government-Way-98199/unit-A/home/172704547,NWMLS as Distributed by MLS Grid,2498131,N,Y,47.6601059,-122.4000966
MLS Listing,,Single Family Residential,14022 Roslyn Pl N,Seattle,WA,98133,599999,2,1.0,Haller Lake,1130,5250,1951,5,531,,Active,,,https://www.redfin.com/WA/Seattle/14022-Roslyn-Pl-N-98133/home/102268,NWMLS as Distributed by MLS Grid,2500972,N,Y,47.7311731,-122.3404207
MLS Listing,,Townhouse,739 N 94th St Unit B,Seattle,WA,98103,748000,3,2.5,Greenwood,1460,1354,2007,5,512,,Active,,,https://www.redfin.com/WA/Seattle/739-N-94th-St-98103/unit-B/home/99340,NWMLS as Distributed by MLS Grid,2500495,N,Y,47.696769,-122.348276
MLS Listing,,Single Family Residential,4606 41St Ave S,Seattle,WA,98118,1150000,4,3.0,Columbia City,2164,3600,2003,5,531,,Active,,,https://www.redfin.com/WA/Seattle/4606-41st-Ave-S-98118/home/491918,NWMLS as Distributed by MLS Grid,2499952,N,Y,47.561086,-122.2814433
MLS Listing,,Condo/Co-op,2911 2nd Ave #310,Seattle,WA,98121,350000,1,1.0,Belltown,603,,2008,5,580,692,Active,,,https://www.redfin.com/WA/Seattle/2911-2nd-Ave-98121/unit-310/home/21617301,NWMLS as Distributed by MLS Grid,2500922,N,Y,47.6176125,-122.3523057
MLS Listing,,Single Family Residential,3812 50th Ave SW,Seattle,WA,98116,849000,2,1.0,Genesee,1051,6731,1950,5,808,,Active,,,https://www.redfin.com/WA/Seattle/3812-50th-Ave-SW-98116/home/331207,NWMLS as Distributed by MLS Grid,2497242,N,Y,47.5698059,-122.3958064
MLS Listing,,Condo/Co-op,311 E Republican St #201,Seattle,WA,98102,519000,2,2.0,Capitol Hill,952,,2003,5,545,890,Active,,,https://www.redfin.com/WA/Seattle/311-E-Republican-St-98102/unit-201/home/38412,NWMLS as Distributed by MLS Grid,2499383,N,Y,47.6229833,-122.3275217
MLS Listing,,Single Family Residential,4240 W Cramer St,Seattle,WA,98199,1691000,2,2.0,Magnolia,2920,33230,1928,5,579,,Active,April-11-2026 02:00 PM,April-11-2026 04:00 PM,https://www.redfin.com/WA/Seattle/4240-W-Cramer-St-98199/home/123038,NWMLS as Distributed by MLS Grid,2500904,N,Y,47.6696742,-122.4118268
MLS Listing,,Single Family Residential,8041 12th Ave NE,Seattle,WA,98115,1050000,3,2.0,Maple Leaf,2120,5000,1942,5,495,,Active,,,https://www.redfin.com/WA/Seattle/8041-12th-Ave-NE-98115/home/108977,NWMLS as Distributed by MLS Grid,2496599,N,Y,47.6879633,-122.3152752
MLS Listing,,Townhouse,7207 12th Ave NE,Seattle,WA,98115,750000,2,2.0,Roosevelt,1225,755,2022,5,612,,Active,,,https://www.redfin.com/WA/Seattle/7207-12th-Ave-NE-98115/home/180783444,NWMLS as Distributed by MLS Grid,2500793,N,Y,47.681133,-122.3158937
MLS Listing,,Single Family Residential,13054 30th Ave NE,Seattle,WA,98125,736000,3,1.0,Olympic Hills,1310,7761,1951,5,562,,Active,,,https://www.redfin.com/WA/Seattle/13054-30th-Ave-NE-98125/home/114393,NWMLS as Distributed by MLS Grid,2498040,N,Y,47.7245068,-122.2961241
MLS Listing,,Single Family Residential,7525 17th Ave NW,Seattle,WA,98117,1025000,3,2.0,Loyal Heights,2160,3840,1949,5,475,,Active,,,https://www.redfin.com/WA/Seattle/7525-17th-Ave-NW-98117/home/165538,NWMLS as Distributed by MLS Grid,2500757,N,Y,47.6840296,-122.379244
MLS Listing,,Single Family Residential,2506 W Halladay St,Seattle,WA,98199,3795000,5,3.5,Magnolia,4740,7680,1949,5,801,,Active,,,https://www.redfin.com/WA/Seattle/2506-W-Halladay-St-98199/home/123192,NWMLS as Distributed by MLS Grid,2499459,N,Y,47.6425123,-122.3893641
